Price,Adj Close,Adj Close,Adj Close,Close,Close,Close,High,High,High,Low,Low,Low,Open,Open,Open,Volume,Volume,Volume
Ticker,(APPLE,AAPL,INC.),(APPLE,AAPL,INC.),(APPLE,AAPL,INC.),(APPLE,AAPL,INC.),(APPLE,AAPL,INC.),(APPLE,AAPL,INC.)
Date,,,,,,,,,,,,,,,,,,
2021-03-01,,125.59965515136719,,,127.79000091552734,,,127.93000030517578,,,122.79000091552734,,,123.75,,,116307900,
2021-03-02,,122.97541046142578,,,125.12000274658203,,,128.72000122070312,,,125.01000213623047,,,128.41000366210938,,,102260900,
2021-03-03,,119.96785736083984,,,122.05999755859375,,,125.70999908447266,,,121.83999633789062,,,124.80999755859375,,,112966300,
2021-03-04,,118.0709457397461,,,120.12999725341797,,,123.5999984741211,,,118.62000274658203,,,121.75,,,178155000,
2021-03-05,,119.33882141113281,,,121.41999816894531,,,121.94000244140625,,,117.56999969482422,,,120.9800033569336,,,153766600,
2021-03-08,,114.36554718017578,,,116.36000061035156,,,121.0,,,116.20999908447266,,,120.93000030517578,,,154376600,
2021-03-09,,119.01448059082031,,,121.08999633789062,,,122.05999755859375,,,118.79000091552734,,,119.02999877929688,,,129525800,
2021-03-10,,117.92351531982422,,,119.9800033569336,,,122.16999816894531,,,119.44999694824219,,,121.69000244140625,,,111943300,
2021-03-11,,119.86956024169922,,,121.95999908447266,,,123.20999908447266,,,121.26000213623047,,,122.54000091552734,,,103026500,
2021-03-12,,118.95550537109375,,,121.02999877929688,,,121.16999816894531,,,119.16000366210938,,,120.4000015258789,,,88105100,
2021-03-15,,121.86477661132812,,,123.98999786376953,,,124.0,,,120.41999816894531,,,121.41000366210938,,,92403800,
2021-03-16,,123.41769409179688,,,125.56999969482422,,,127.22000122070312,,,124.72000122070312,,,125.69999694824219,,,115227900,
2021-03-17,,122.62157440185547,,,124.76000213623047,,,125.86000061035156,,,122.33999633789062,,,124.05000305175781,,,111932600,
2021-03-18,,118.4640884399414,,,120.52999877929688,,,123.18000030517578,,,120.31999969482422,,,122.87999725341797,,,121229700,
2021-03-19,,117.933349609375,,,119.98999786376953,,,121.43000030517578,,,119.68000030517578,,,119.9000015258789,,,185549500,
2021-03-22,,121.27506256103516,,,123.38999938964844,,,123.87000274658203,,,120.26000213623047,,,120.33000183105469,,,111912300,
2021-03-23,,120.43963623046875,,,122.54000091552734,,,124.23999786376953,,,122.13999938964844,,,123.33000183105469,,,95467100,
2021-03-24,,118.03162384033203,,,120.08999633789062,,,122.9000015258789,,,120.06999969482422,,,122.81999969482422,,,88530500,
2021-03-25,,118.5230484008789,,,120.58999633789062,,,121.66000366210938,,,119.0,,,119.54000091552734,,,98844700,
2021-03-26,,119.13243865966797,,,121.20999908447266,,,121.4800033569336,,,118.91999816894531,,,120.3499984741211,,,94071200,
2021-03-29,,119.30934143066406,,,121.38999938964844,,,122.58000183105469,,,120.7300033569336,,,121.6500015258789,,,80819200,
2021-03-30,,117.84488677978516,,,119.9000015258789,,,120.4000015258789,,,118.86000061035156,,,120.11000061035156,,,85671900,
2021-03-31,,120.05631256103516,,,122.1500015258789,,,123.5199966430664,,,121.1500015258789,,,121.6500015258789,,,118323800,
2021-04-01,,120.8917465209961,,,123.0,,,124.18000030517578,,,122.48999786376953,,,123.66000366210938,,,75089100,
2021-04-05,,123.7420425415039,,,125.9000015258789,,,126.16000366210938,,,123.06999969482422,,,123.87000274658203,,,88651200,
2021-04-06,,124.04671478271484,,,126.20999908447266,,,127.12999725341797,,,125.6500015258789,,,126.5,,,80171300,
2021-04-07,,125.70777130126953,,,127.9000015258789,,,127.91999816894531,,,125.13999938964844,,,125.83000183105469,,,83466700,
2021-04-08,,128.1256103515625,,,130.36000061035156,,,130.38999938964844,,,128.52000427246094,,,128.9499969482422,,,88844600,
2021-04-09,,130.72035217285156,,,133.0,,,133.0399932861328,,,129.47000122070312,,,129.8000030517578,,,106686700,
2021-04-12,,128.99050903320312,,,131.24000549316406,,,132.85000610351562,,,130.6300048828125,,,132.52000427246094,,,91420000,
2021-04-13,,132.1258544921875,,,134.42999267578125,,,134.66000366210938,,,131.92999267578125,,,132.44000244140625,,,91266500,
2021-04-14,,129.7669677734375,,,132.02999877929688,,,135.0,,,131.66000366210938,,,134.94000244140625,,,87222800,
2021-04-15,,132.1946563720703,,,134.5,,,135.0,,,133.63999938964844,,,133.82000732421875,,,89347100,
2021-04-16,,131.86050415039062,,,134.16000366210938,,,134.6699981689453,,,133.27999877929688,,,134.3000030517578,,,84922400,
2021-04-19,,132.52882385253906,,,134.83999633789062,,,135.47000122070312,,,133.33999633789062,,,133.50999450683594,,,94264200,
2021-04-20,,130.82847595214844,,,133.11000061035156,,,135.52999877929688,,,131.80999755859375,,,135.02000427246094,,,94812300,
2021-04-21,,131.21176147460938,,,133.5,,,133.75,,,131.3000030517578,,,132.36000061035156,,,68847100,
2021-04-22,,129.6785125732422,,,131.94000244140625,,,134.14999389648438,,,131.41000366210938,,,133.0399932861328,,,84566500,
2021-04-23,,132.0177459716797,,,134.32000732421875,,,135.1199951171875,,,132.16000366210938,,,132.16000366210938,,,78657500,
2021-04-26,,132.41087341308594,,,134.72000122070312,,,135.05999755859375,,,133.55999755859375,,,134.8300018310547,,,66905100,
2021-04-27,,132.0865020751953,,,134.38999938964844,,,135.41000366210938,,,134.11000061035156,,,135.00999450683594,,,66015800,
2021-04-28,,131.29039001464844,,,133.5800018310547,,,135.02000427246094,,,133.0800018310547,,,134.30999755859375,,,107760100,
2021-04-29,,131.1920928955078,,,133.47999572753906,,,137.07000732421875,,,132.4499969482422,,,136.47000122070312,,,151101000,
2021-04-30,,129.2067413330078,,,131.4600067138672,,,133.55999755859375,,,131.07000732421875,,,131.77999877929688,,,109839500,
2021-05-03,,130.2682342529297,,,132.5399932861328,,,134.07000732421875,,,131.8300018310547,,,132.0399932861328,,,75135100,
2021-05-04,,125.65861511230469,,,127.8499984741211,,,131.49000549316406,,,126.69999694824219,,,131.19000244140625,,,137564700,
2021-05-05,,125.90433502197266,,,128.10000610351562,,,130.4499969482422,,,127.97000122070312,,,129.1999969482422,,,84000900,
2021-05-06,,127.51622009277344,,,129.74000549316406,,,129.75,,,127.12999725341797,,,127.88999938964844,,,78128300,
2021-05-07,,128.19554138183594,,,130.2100067138672,,,131.25999450683594,,,129.47999572753906,,,130.85000610351562,,,78973300,
2021-05-10,,124.88753509521484,,,126.8499984741211,,,129.5399932861328,,,126.80999755859375,,,129.41000366210938,,,88071200,
2021-05-11,,123.96207427978516,,,125.91000366210938,,,126.2699966430664,,,122.7699966430664,,,123.5,,,126142800,
2021-05-12,,120.87065124511719,,,122.7699966430664,,,124.63999938964844,,,122.25,,,123.4000015258789,,,112172300,
2021-05-13,,123.03662109375,,,124.97000122070312,,,126.1500015258789,,,124.26000213623047,,,124.58000183105469,,,105861300,
2021-05-14,,125.4782485961914,,,127.44999694824219,,,127.88999938964844,,,125.8499984741211,,,126.25,,,81918000,
2021-05-17,,124.3165054321289,,,126.2699966430664,,,126.93000030517578,,,125.16999816894531,,,126.81999969482422,,,74244600,
2021-05-18,,122.91847229003906,,,124.8499984741211,,,126.98999786376953,,,124.77999877929688,,,126.55999755859375,,,63342900,
2021-05-19,,122.76094818115234,,,124.69000244140625,,,124.91999816894531,,,122.86000061035156,,,123.16000366210938,,,92612000,
2021-05-20,,125.34041595458984,,,127.30999755859375,,,127.72000122070312,,,125.0999984741211,,,125.2300033569336,,,76857100,
2021-05-21,,123.48950958251953,,,125.43000030517578,,,128.0,,,125.20999908447266,,,127.81999969482422,,,79295400,
2021-05-24,,125.13365173339844,,,127.0999984741211,,,127.94000244140625,,,125.94000244140625,,,126.01000213623047,,,63092900,
2021-05-25,,124.9367446899414,,,126.9000015258789,,,128.32000732421875,,,126.31999969482422,,,127.81999969482422,,,72009500,
2021-05-26,,124.88753509521484,,,126.8499984741211,,,127.38999938964844,,,126.41999816894531,,,126.95999908447266,,,56575900,
2021-05-27,,123.34182739257812,,,125.27999877929688,,,127.63999938964844,,,125.08000183105469,,,126.44000244140625,,,94625600,
2021-05-28,,122.68218231201172,,,124.61000061035156,,,125.80000305175781,,,124.55000305175781,,,125.56999969482422,,,71311100,
2021-06-01,,122.35729217529297,,,124.27999877929688,,,125.3499984741211,,,123.94000244140625,,,125.08000183105469,,,67637100,
2021-06-02,,123.12521362304688,,,125.05999755859375,,,125.23999786376953,,,124.05000305175781,,,124.27999877929688,,,59278900,
2021-06-03,,121.62874603271484,,,123.54000091552734,,,124.8499984741211,,,123.12999725341797,,,124.68000030517578,,,76229200,
2021-06-04,,123.9423828125,,,125.88999938964844,,,126.16000366210938,,,123.8499984741211,,,124.06999969482422,,,75169300,
2021-06-07,,123.95222473144531,,,125.9000015258789,,,126.31999969482422,,,124.83000183105469,,,126.16999816894531,,,71057600,
2021-06-08,,124.77922058105469,,,126.73999786376953,,,128.4600067138672,,,126.20999908447266,,,126.5999984741211,,,74403800,
2021-06-09,,125.16320037841797,,,127.12999725341797,,,127.75,,,126.5199966430664,,,127.20999908447266,,,56877900,
2021-06-10,,124.15898132324219,,,126.11000061035156,,,128.19000244140625,,,125.94000244140625,,,127.0199966430664,,,71186400,
2021-06-11,,125.37979125976562,,,127.3499984741211,,,127.44000244140625,,,126.0999984741211,,,126.52999877929688,,,53522400,
2021-06-14,,128.46136474609375,,,130.47999572753906,,,130.5399932861328,,,127.06999969482422,,,127.81999969482422,,,96906500,
2021-06-15,,127.6343765258789,,,129.63999938964844,,,130.60000610351562,,,129.38999938964844,,,129.94000244140625,,,62746300,
2021-06-16,,128.13648986816406,,,130.14999389648438,,,130.88999938964844,,,128.4600067138672,,,130.3699951171875,,,91815000,
2021-06-17,,129.7510986328125,,,131.7899932861328,,,132.5500030517578,,,129.64999389648438,,,129.8000030517578,,,96721700,
2021-06-18,,128.4416961669922,,,130.4600067138672,,,131.50999450683594,,,130.24000549316406,,,130.7100067138672,,,108953300,
2021-06-21,,130.25318908691406,,,132.3000030517578,,,132.41000366210938,,,129.2100067138672,,,130.3000030517578,,,79663300,
2021-06-22,,131.90721130371094,,,133.97999572753906,,,134.0800018310547,,,131.6199951171875,,,132.1300048828125,,,74783600,
2021-06-23,,131.63157653808594,,,133.6999969482422,,,134.32000732421875,,,133.22999572753906,,,133.77000427246094,,,60214200,
2021-06-24,,131.3460693359375,,,133.41000366210938,,,134.63999938964844,,,132.92999267578125,,,134.4499969482422,,,68711000,
2021-06-25,,131.05068969726562,,,133.11000061035156,,,133.88999938964844,,,132.80999755859375,,,133.4600067138672,,,70783700,
2021-06-28,,132.6948699951172,,,134.77999877929688,,,135.25,,,133.35000610351562,,,133.41000366210938,,,62111300,
2021-06-29,,134.2208709716797,,,136.3300018310547,,,136.49000549316406,,,134.35000610351562,,,134.8000030517578,,,64556100,
2021-06-30,,134.8411407470703,,,136.9600067138672,,,137.41000366210938,,,135.8699951171875,,,136.1699981689453,,,63261400,
2021-07-01,,135.14633178710938,,,137.27000427246094,,,137.3300018310547,,,135.75999450683594,,,136.60000610351562,,,52485800,
2021-07-02,,137.79473876953125,,,139.9600067138672,,,140.0,,,137.75,,,137.89999389648438,,,78852600,
2021-07-06,,139.82284545898438,,,142.02000427246094,,,143.14999389648438,,,140.07000732421875,,,140.07000732421875,,,108181800,
2021-07-07,,142.3333740234375,,,144.57000732421875,,,144.88999938964844,,,142.66000366210938,,,143.5399932861328,,,104911600,
2021-07-08,,141.0239715576172,,,143.24000549316406,,,144.05999755859375,,,140.6699981689453,,,141.5800018310547,,,105575500,
2021-07-09,,142.86502075195312,,,145.11000061035156,,,145.64999389648438,,,142.64999389648438,,,142.75,,,99890800,
2021-07-12,,142.2644805908203,,,144.5,,,146.32000732421875,,,144.0,,,146.2100067138672,,,76299700,
2021-07-13,,143.38682556152344,,,145.63999938964844,,,147.4600067138672,,,143.6300048828125,,,144.02999877929688,,,100827100,
2021-07-14,,146.84254455566406,,,149.14999389648438,,,149.57000732421875,,,147.67999267578125,,,148.10000610351562,,,127050800,
2021-07-15,,146.18289184570312,,,148.47999572753906,,,150.0,,,147.08999633789062,,,149.24000549316406,,,106820300,
2021-07-16,,144.1251983642578,,,146.38999938964844,,,149.75999450683594,,,145.8800048828125,,,148.4600067138672,,,93251400,
2021-07-19,,140.2461700439453,,,142.4499969482422,,,144.07000732421875,,,141.6699981689453,,,143.75,,,121434600,
2021-07-20,,143.88893127441406,,,146.14999389648438,,,147.10000610351562,,,142.9600067138672,,,143.4600067138672,,,96350000,
2021-07-21,,143.15054321289062,,,145.39999389648438,,,146.1300048828125,,,144.6300048828125,,,145.52999877929688,,,74993500,
2021-07-22,,144.52890014648438,,,146.8000030517578,,,148.1999969482422,,,145.80999755859375,,,145.94000244140625,,,77338200,
2021-07-23,,146.2616424560547,,,148.55999755859375,,,148.72000122070312,,,146.9199981689453,,,147.5500030517578,,,71447400,
2021-07-26,,146.68502807617188,,,148.99000549316406,,,149.8300018310547,,,147.6999969482422,,,148.27000427246094,,,72434100,
2021-07-27,,144.49935913085938,,,146.77000427246094,,,149.2100067138672,,,145.5500030517578,,,149.1199951171875,,,104818600,
2021-07-28,,142.73704528808594,,,144.97999572753906,,,146.97000122070312,,,142.5399932861328,,,144.80999755859375,,,118931200,
2021-07-29,,143.38682556152344,,,145.63999938964844,,,146.5500030517578,,,144.5800018310547,,,144.69000244140625,,,56699500,
2021-07-30,,143.60340881347656,,,145.86000061035156,,,146.3300018310547,,,144.11000061035156,,,144.3800048828125,,,70440600,
2021-08-02,,143.26870727539062,,,145.52000427246094,,,146.9499969482422,,,145.25,,,146.36000061035156,,,62880000,
2021-08-03,,145.08023071289062,,,147.36000061035156,,,148.0399932861328,,,145.17999267578125,,,145.80999755859375,,,64786600,
2021-08-04,,144.67654418945312,,,146.9499969482422,,,147.7899932861328,,,146.27999877929688,,,147.27000427246094,,,56368300,
2021-08-05,,144.7848663330078,,,147.05999755859375,,,147.83999633789062,,,146.1699981689453,,,146.97999572753906,,,46397700,
2021-08-06,,144.09466552734375,,,146.13999938964844,,,147.11000061035156,,,145.6300048828125,,,146.35000610351562,,,54126800,
2021-08-09,,144.0453643798828,,,146.08999633789062,,,146.6999969482422,,,145.52000427246094,,,146.1999969482422,,,48908700,
2021-08-10,,143.56222534179688,,,145.60000610351562,,,147.7100067138672,,,145.3000030517578,,,146.44000244140625,,,69023100,
2021-08-11,,143.81857299804688,,,145.86000061035156,,,146.72000122070312,,,145.52999877929688,,,146.0500030517578,,,48493500,
2021-08-12,,146.80616760253906,,,148.88999938964844,,,149.0500030517578,,,145.83999633789062,,,146.19000244140625,,,72282600,
2021-08-13,,147.0132293701172,,,149.10000610351562,,,149.44000244140625,,,148.27000427246094,,,148.97000122070312,,,59375000,
2021-08-16,,149.0049591064453,,,151.1199951171875,,,151.19000244140625,,,146.47000122070312,,,148.5399932861328,,,103296000,
2021-08-17,,148.08798217773438,,,150.19000244140625,,,151.67999267578125,,,149.08999633789062,,,150.22999572753906,,,92229700,
2021-08-18,,144.31158447265625,,,146.36000061035156,,,150.72000122070312,,,146.14999389648438,,,149.8000030517578,,,86326000,
2021-08-19,,144.64683532714844,,,146.6999969482422,,,148.0,,,144.5,,,145.02999877929688,,,86960300,
2021-08-20,,146.11598205566406,,,148.19000244140625,,,148.5,,,146.77999877929688,,,147.44000244140625,,,60549600,
2021-08-23,,147.61473083496094,,,149.7100067138672,,,150.19000244140625,,,147.88999938964844,,,148.30999755859375,,,60131800,
2021-08-24,,147.52597045898438,,,149.6199951171875,,,150.86000061035156,,,149.14999389648438,,,149.4499969482422,,,48606400,
2021-08-25,,146.28359985351562,,,148.36000061035156,,,150.32000732421875,,,147.8000030517578,,,149.80999755859375,,,58991300,
2021-08-26,,145.47508239746094,,,147.5399932861328,,,149.1199951171875,,,147.50999450683594,,,148.35000610351562,,,48597200,
2021-08-27,,146.520263671875,,,148.60000610351562,,,148.75,,,146.8300018310547,,,147.47999572753906,,,55802400,
2021-08-30,,150.97695922851562,,,153.1199951171875,,,153.49000549316406,,,148.61000061035156,,,149.0,,,90956700,
2021-08-31,,149.7050323486328,,,151.8300018310547,,,152.8000030517578,,,151.2899932861328,,,152.66000366210938,,,86453100,
2021-09-01,,150.3755340576172,,,152.50999450683594,,,154.97999572753906,,,152.33999633789062,,,152.8300018310547,,,80313700,
2021-09-02,,151.4995574951172,,,153.64999389648438,,,154.72000122070312,,,152.39999389648438,,,153.8699951171875,,,71115500,
2021-09-03,,152.1404571533203,,,154.3000030517578,,,154.6300048828125,,,153.08999633789062,,,153.75999450683594,,,57808700,
2021-09-07,,154.4970245361328,,,156.69000244140625,,,157.25999450683594,,,154.38999938964844,,,154.97000122070312,,,82278300,
2021-09-08,,152.93910217285156,,,155.11000061035156,,,157.0399932861328,,,153.97999572753906,,,156.97999572753906,,,74420200,
2021-09-09,,151.9136962890625,,,154.07000732421875,,,156.11000061035156,,,153.9499969482422,,,155.49000549316406,,,57305700,
2021-09-10,,146.8850555419922,,,148.97000122070312,,,155.47999572753906,,,148.6999969482422,,,155.0,,,140893200,
2021-09-13,,147.45693969726562,,,149.5500030517578,,,151.4199981689453,,,148.75,,,150.6300048828125,,,102404300,
2021-09-14,,146.04693603515625,,,148.1199951171875,,,151.07000732421875,,,146.91000366210938,,,150.35000610351562,,,109296300,
2021-09-15,,146.94419860839844,,,149.02999877929688,,,149.44000244140625,,,146.3699951171875,,,148.55999755859375,,,83281300,
2021-09-16,,146.70758056640625,,,148.7899932861328,,,148.97000122070312,,,147.22000122070312,,,148.44000244140625,,,68034100,
2021-09-17,,144.01577758789062,,,146.05999755859375,,,148.82000732421875,,,145.75999450683594,,,148.82000732421875,,,129868800,
2021-09-20,,140.939453125,,,142.94000244140625,,,144.83999633789062,,,141.27000427246094,,,143.8000030517578,,,123478900,
2021-09-21,,141.422607421875,,,143.42999267578125,,,144.60000610351562,,,142.77999877929688,,,143.92999267578125,,,75834000,
2021-09-22,,143.8087158203125,,,145.85000610351562,,,146.42999267578125,,,143.6999969482422,,,144.4499969482422,,,76404300,
2021-09-23,,144.7750244140625,,,146.8300018310547,,,147.0800018310547,,,145.63999938964844,,,146.64999389648438,,,64838200,
2021-09-24,,144.86373901367188,,,146.9199981689453,,,147.47000122070312,,,145.55999755859375,,,145.66000366210938,,,53477900,
2021-09-27,,143.33544921875,,,145.3699951171875,,,145.9600067138672,,,143.82000732421875,,,145.47000122070312,,,74150700,
2021-09-28,,139.9238739013672,,,141.91000366210938,,,144.75,,,141.69000244140625,,,143.25,,,108972300,
2021-09-29,,140.83099365234375,,,142.8300018310547,,,144.4499969482422,,,142.02999877929688,,,142.47000122070312,,,74602000,
2021-09-30,,139.5196075439453,,,141.5,,,144.3800048828125,,,141.27999877929688,,,143.66000366210938,,,89056700,
2021-10-01,,140.65350341796875,,,142.64999389648438,,,142.9199981689453,,,139.11000061035156,,,141.89999389648438,,,94639600,
2021-10-04,,137.192626953125,,,139.13999938964844,,,142.2100067138672,,,138.27000427246094,,,141.75999450683594,,,98322000,
2021-10-05,,139.13507080078125,,,141.11000061035156,,,142.24000549316406,,,139.36000061035156,,,139.49000549316406,,,80861100,
2021-10-06,,140.0126190185547,,,142.0,,,142.14999389648438,,,138.3699951171875,,,139.47000122070312,,,83221100,
2021-10-07,,141.2845458984375,,,143.2899932861328,,,144.22000122070312,,,142.72000122070312,,,143.05999755859375,,,61732700,
2021-10-08,,140.9000244140625,,,142.89999389648438,,,144.17999267578125,,,142.55999755859375,,,144.02999877929688,,,58773200,
2021-10-11,,140.81129455566406,,,142.80999755859375,,,144.80999755859375,,,141.80999755859375,,,142.27000427246094,,,64452200,
2021-10-12,,139.52944946289062,,,141.50999450683594,,,143.25,,,141.0399932861328,,,143.22999572753906,,,73035900,
2021-10-13,,138.93785095214844,,,140.91000366210938,,,141.39999389648438,,,139.1999969482422,,,141.24000549316406,,,78762700,
2021-10-14,,141.74798583984375,,,143.75999450683594,,,143.8800048828125,,,141.50999450683594,,,142.11000061035156,,,69907100,
2021-10-15,,142.81285095214844,,,144.83999633789062,,,144.89999389648438,,,143.50999450683594,,,143.77000427246094,,,67940300,
2021-10-18,,144.49893188476562,,,146.5500030517578,,,146.83999633789062,,,143.16000366210938,,,143.4499969482422,,,85589200,
2021-10-19,,146.67800903320312,,,148.75999450683594,,,149.1699981689453,,,146.5500030517578,,,147.00999450683594,,,76378900,
2021-10-20,,147.17098999023438,,,149.25999450683594,,,149.75,,,148.1199951171875,,,148.6999969482422,,,58418800,
2021-10-21,,147.387939453125,,,149.47999572753906,,,149.63999938964844,,,147.8699951171875,,,148.80999755859375,,,61421000,
2021-10-22,,146.6089630126953,,,148.69000244140625,,,150.17999267578125,,,148.63999938964844,,,149.69000244140625,,,58883400,
2021-10-25,,146.55966186523438,,,148.63999938964844,,,149.3699951171875,,,147.6199951171875,,,148.67999267578125,,,50720600,
2021-10-26,,147.23016357421875,,,149.32000732421875,,,150.83999633789062,,,149.00999450683594,,,149.3300018310547,,,60893400,
2021-10-27,,146.7667236328125,,,148.85000610351562,,,149.72999572753906,,,148.49000549316406,,,149.36000061035156,,,56094900,
2021-10-28,,150.43467712402344,,,152.57000732421875,,,153.1699981689453,,,149.72000122070312,,,149.82000732421875,,,100077900,
2021-10-29,,147.7034454345703,,,149.8000030517578,,,149.94000244140625,,,146.41000366210938,,,147.22000122070312,,,124953200,
2021-11-01,,146.87518310546875,,,148.9600067138672,,,149.6999969482422,,,147.8000030517578,,,148.99000549316406,,,74588300,
2021-11-02,,147.9203643798828,,,150.02000427246094,,,151.57000732421875,,,148.64999389648438,,,148.66000366210938,,,69122000,
2021-11-03,,149.3697967529297,,,151.49000549316406,,,151.97000122070312,,,149.82000732421875,,,150.38999938964844,,,54511500,
2021-11-04,,148.8472137451172,,,150.9600067138672,,,152.42999267578125,,,150.63999938964844,,,151.5800018310547,,,60394600,
2021-11-05,,149.38043212890625,,,151.27999877929688,,,152.1999969482422,,,150.05999755859375,,,151.88999938964844,,,65463900,
2021-11-08,,148.55096435546875,,,150.44000244140625,,,151.57000732421875,,,150.16000366210938,,,151.41000366210938,,,55020900,
2021-11-09,,148.9163360595703,,,150.80999755859375,,,151.42999267578125,,,150.05999755859375,,,150.1999969482422,,,56787900,
2021-11-10,,146.0626220703125,,,147.9199981689453,,,150.1300048828125,,,147.85000610351562,,,150.02000427246094,,,65187100,
2021-11-11,,146.01324462890625,,,147.8699951171875,,,149.42999267578125,,,147.67999267578125,,,148.9600067138672,,,41000000,
2021-11-12,,148.10662841796875,,,149.99000549316406,,,150.39999389648438,,,147.47999572753906,,,148.42999267578125,,,63804000,
2021-11-15,,148.11648559570312,,,150.0,,,151.8800048828125,,,149.42999267578125,,,150.3699951171875,,,59222800,
2021-11-16,,149.1039581298828,,,151.0,,,151.49000549316406,,,149.33999633789062,,,149.94000244140625,,,59256200,
2021-11-17,,151.5626678466797,,,153.49000549316406,,,155.0,,,150.99000549316406,,,151.0,,,88807000,
2021-11-18,,155.88768005371094,,,157.8699951171875,,,158.6699981689453,,,153.0500030517578,,,153.7100067138672,,,137827700,
2021-11-19,,158.53404235839844,,,160.5500030517578,,,161.02000427246094,,,156.52999877929688,,,157.64999389648438,,,117305600,
2021-11-22,,158.99813842773438,,,161.02000427246094,,,165.6999969482422,,,161.0,,,161.67999267578125,,,117467900,
2021-11-23,,159.38320922851562,,,161.41000366210938,,,161.8000030517578,,,159.05999755859375,,,161.1199951171875,,,96041900,
2021-11-24,,159.90658569335938,,,161.94000244140625,,,162.13999938964844,,,159.63999938964844,,,160.75,,,69463600,
2021-11-26,,154.8409881591797,,,156.80999755859375,,,160.4499969482422,,,156.36000061035156,,,159.57000732421875,,,76959800,
2021-11-29,,158.2279052734375,,,160.24000549316406,,,161.19000244140625,,,158.7899932861328,,,159.3699951171875,,,88748200,
2021-11-30,,163.22439575195312,,,165.3000030517578,,,165.52000427246094,,,159.9199981689453,,,159.99000549316406,,,174048100,
2021-12-01,,162.70103454589844,,,164.77000427246094,,,170.3000030517578,,,164.52999877929688,,,167.47999572753906,,,152052500,
2021-12-02,,161.7036895751953,,,163.75999450683594,,,164.1999969482422,,,157.8000030517578,,,158.74000549316406,,,136739200,
2021-12-03,,159.80783081054688,,,161.83999633789062,,,164.9600067138672,,,159.72000122070312,,,164.02000427246094,,,118023100,
2021-12-06,,163.244140625,,,165.32000732421875,,,167.8800048828125,,,164.27999877929688,,,164.2899932861328,,,107497000,
2021-12-07,,169.030517578125,,,171.17999267578125,,,171.5800018310547,,,168.33999633789062,,,169.0800018310547,,,120405400,
2021-12-08,,172.88157653808594,,,175.0800018310547,,,175.9600067138672,,,170.6999969482422,,,172.1300048828125,,,116998900,
2021-12-09,,172.36810302734375,,,174.55999755859375,,,176.75,,,173.9199981689453,,,174.91000366210938,,,108923700,
2021-12-10,,177.19671630859375,,,179.4499969482422,,,179.6300048828125,,,174.69000244140625,,,175.2100067138672,,,115402700,
2021-12-13,,173.5332794189453,,,175.74000549316406,,,182.1300048828125,,,175.52999877929688,,,181.1199951171875,,,153237000,
2021-12-14,,172.14100646972656,,,174.3300018310547,,,177.74000549316406,,,172.2100067138672,,,175.25,,,139380400,
2021-12-15,,177.048583984375,,,179.3000030517578,,,179.5,,,172.30999755859375,,,175.11000061035156,,,131063300,
2021-12-16,,170.09698486328125,,,172.25999450683594,,,181.13999938964844,,,170.75,,,179.27999877929688,,,150185800,
2021-12-17,,168.9910430908203,,,171.13999938964844,,,173.47000122070312,,,169.69000244140625,,,169.92999267578125,,,195432700,
2021-12-20,,167.6184539794922,,,169.75,,,170.5800018310547,,,167.4600067138672,,,168.27999877929688,,,107499100,
2021-12-21,,170.8178253173828,,,172.99000549316406,,,173.1999969482422,,,169.1199951171875,,,171.55999755859375,,,91185900,
2021-12-22,,173.43455505371094,,,175.63999938964844,,,175.86000061035156,,,172.14999389648438,,,173.0399932861328,,,92135300,
2021-12-23,,174.06649780273438,,,176.27999877929688,,,176.85000610351562,,,175.27000427246094,,,175.85000610351562,,,68356600,
2021-12-27,,178.06565856933594,,,180.3300018310547,,,180.4199981689453,,,177.07000732421875,,,177.08999633789062,,,74919600,
2021-12-28,,177.03868103027344,,,179.2899932861328,,,181.3300018310547,,,178.52999877929688,,,180.16000366210938,,,79144300,
2021-12-29,,177.1276092529297,,,179.3800048828125,,,180.6300048828125,,,178.13999938964844,,,179.3300018310547,,,62348900,
2021-12-30,,175.96240234375,,,178.1999969482422,,,180.57000732421875,,,178.08999633789062,,,179.47000122070312,,,59773000,
2021-12-31,,175.34031677246094,,,177.57000732421875,,,179.22999572753906,,,177.25999450683594,,,178.08999633789062,,,64062300,
2022-01-03,,179.72454833984375,,,182.00999450683594,,,182.8800048828125,,,177.7100067138672,,,177.8300018310547,,,104487900,
2022-01-04,,177.44354248046875,,,179.6999969482422,,,182.94000244140625,,,179.1199951171875,,,182.6300048828125,,,99310400,
2022-01-05,,172.7235870361328,,,174.9199981689453,,,180.1699981689453,,,174.63999938964844,,,179.61000061035156,,,94537600,
2022-01-06,,169.84024047851562,,,172.0,,,175.3000030517578,,,171.63999938964844,,,172.6999969482422,,,96904000,
2022-01-07,,170.00811767578125,,,172.1699981689453,,,174.13999938964844,,,171.02999877929688,,,172.88999938964844,,,86709100,
2022-01-10,,170.02786254882812,,,172.19000244140625,,,172.5,,,168.1699981689453,,,169.0800018310547,,,106765600,
2022-01-11,,172.88157653808594,,,175.0800018310547,,,175.17999267578125,,,170.82000732421875,,,172.32000732421875,,,76138300,
2022-01-12,,173.32591247558594,,,175.52999877929688,,,177.17999267578125,,,174.82000732421875,,,176.1199951171875,,,74805200,
2022-01-13,,170.02786254882812,,,172.19000244140625,,,176.6199951171875,,,171.7899932861328,,,175.77999877929688,,,84505800,
2022-01-14,,170.89683532714844,,,173.07000732421875,,,173.77999877929688,,,171.08999633789062,,,171.33999633789062,,,80440800,
2022-01-18,,167.6678924560547,,,169.8000030517578,,,172.5399932861328,,,169.41000366210938,,,171.50999450683594,,,90956700,
2022-01-19,,164.14268493652344,,,166.22999572753906,,,171.0800018310547,,,165.94000244140625,,,170.0,,,94815000,
2022-01-20,,162.4442901611328,,,164.50999450683594,,,169.67999267578125,,,164.17999267578125,,,166.97999572753906,,,91420500,
2022-01-21,,160.3706817626953,,,162.41000366210938,,,166.3300018310547,,,162.3000030517578,,,164.4199981689453,,,122848900,
2022-01-24,,159.59056091308594,,,161.6199951171875,,,162.3000030517578,,,154.6999969482422,,,160.02000427246094,,,162294600,
2022-01-25,,157.77369689941406,,,159.77999877929688,,,162.75999450683594,,,157.02000427246094,,,158.97999572753906,,,115798400,
2022-01-26,,157.68482971191406,,,159.69000244140625,,,164.38999938964844,,,157.82000732421875,,,163.5,,,108275300,
2022-01-27,,157.22073364257812,,,159.22000122070312,,,163.83999633789062,,,158.27999877929688,,,162.4499969482422,,,121954600,
2022-01-28,,168.19122314453125,,,170.3300018310547,,,170.35000610351562,,,162.8000030517578,,,165.7100067138672,,,179935700,
2022-01-31,,172.5853271484375,,,174.77999877929688,,,175.0,,,169.50999450683594,,,170.16000366210938,,,115541600,
2022-02-01,,172.41748046875,,,174.61000061035156,,,174.83999633789062,,,172.30999755859375,,,174.00999450683594,,,86213900,
2022-02-02,,173.63204956054688,,,175.83999633789062,,,175.8800048828125,,,173.3300018310547,,,174.75,,,84914300,
2022-02-03,,170.72894287109375,,,172.89999389648438,,,176.24000549316406,,,172.1199951171875,,,174.47999572753906,,,89418100,
2022-02-04,,170.44223022460938,,,172.38999938964844,,,174.10000610351562,,,170.67999267578125,,,171.67999267578125,,,82465400,
2022-02-07,,169.72047424316406,,,171.66000366210938,,,173.9499969482422,,,170.9499969482422,,,172.86000061035156,,,77251200,
2022-02-08,,172.85467529296875,,,174.8300018310547,,,175.35000610351562,,,171.42999267578125,,,171.72999572753906,,,74829200,
2022-02-09,,174.2882843017578,,,176.27999877929688,,,176.64999389648438,,,174.89999389648438,,,176.0500030517578,,,71285000,
2022-02-10,,170.17526245117188,,,172.1199951171875,,,175.47999572753906,,,171.5500030517578,,,174.13999938964844,,,90865900,
2022-02-11,,166.73460388183594,,,168.63999938964844,,,173.0800018310547,,,168.0399932861328,,,172.3300018310547,,,98670700,
2022-02-14,,166.971923828125,,,168.8800048828125,,,169.5800018310547,,,166.55999755859375,,,167.3699951171875,,,86185500,
2022-02-15,,170.83770751953125,,,172.7899932861328,,,172.9499969482422,,,170.25,,,170.97000122070312,,,62527400,
2022-02-16,,170.6004180908203,,,172.5500030517578,,,173.33999633789062,,,170.0500030517578,,,171.85000610351562,,,61177400,
2022-02-17,,166.971923828125,,,168.8800048828125,,,171.91000366210938,,,168.47000122070312,,,171.02999877929688,,,69589300,
2022-02-18,,165.40972900390625,,,167.3000030517578,,,170.5399932861328,,,166.19000244140625,,,169.82000732421875,,,82772700,
2022-02-22,,162.4634246826172,,,164.32000732421875,,,166.69000244140625,,,162.14999389648438,,,164.97999572753906,,,91162800,
2022-02-23,,158.26144409179688,,,160.07000732421875,,,166.14999389648438,,,159.75,,,165.5399932861328,,,90009200,
2022-02-24,,160.90127563476562,,,162.74000549316406,,,162.85000610351562,,,152.0,,,152.5800018310547,,,141147500,
2022-02-25,,162.9874267578125,,,164.85000610351562,,,165.1199951171875,,,160.8699951171875,,,163.83999633789062,,,91974200,
2022-02-28,,163.25437927246094,,,165.1199951171875,,,165.4199981689453,,,162.42999267578125,,,163.05999755859375,,,95056600,
2022-03-01,,161.35606384277344,,,163.1999969482422,,,166.60000610351562,,,161.97000122070312,,,164.6999969482422,,,83474400,
2022-03-02,,164.6781005859375,,,166.55999755859375,,,167.36000061035156,,,162.9499969482422,,,164.38999938964844,,,79724800,
2022-03-03,,164.351806640625,,,166.22999572753906,,,168.91000366210938,,,165.5500030517578,,,168.47000122070312,,,76678400,
2022-03-04,,161.326416015625,,,163.1699981689453,,,165.5500030517578,,,162.10000610351562,,,164.49000549316406,,,83737200,
2022-03-07,,157.50013732910156,,,159.3000030517578,,,165.02000427246094,,,159.0399932861328,,,163.36000061035156,,,96418800,
2022-03-08,,155.66116333007812,,,157.44000244140625,,,162.8800048828125,,,155.8000030517578,,,158.82000732421875,,,131148300,
2022-03-09,,161.10890197753906,,,162.9499969482422,,,163.41000366210938,,,159.41000366210938,,,161.47999572753906,,,91454900,
2022-03-10,,156.72894287109375,,,158.52000427246094,,,160.38999938964844,,,155.97999572753906,,,160.1999969482422,,,105342000,
2022-03-11,,152.98178100585938,,,154.72999572753906,,,159.27999877929688,,,154.5,,,158.92999267578125,,,96970100,
2022-03-14,,148.91819763183594,,,150.6199951171875,,,154.1199951171875,,,150.10000610351562,,,151.4499969482422,,,108732100,
2022-03-15,,153.3376922607422,,,155.08999633789062,,,155.57000732421875,,,150.3800048828125,,,150.89999389648438,,,92964300,
2022-03-16,,157.78684997558594,,,159.58999633789062,,,160.0,,,154.4600067138672,,,157.0500030517578,,,102300200,
2022-03-17,,158.80520629882812,,,160.6199951171875,,,161.0,,,157.6300048828125,,,158.61000061035156,,,75615400,
2022-03-18,,162.1272430419922,,,163.97999572753906,,,164.47999572753906,,,159.75999450683594,,,160.50999450683594,,,123511700,
2022-03-21,,163.5114288330078,,,165.3800048828125,,,166.35000610351562,,,163.00999450683594,,,163.50999450683594,,,95811400,
2022-03-22,,166.91258239746094,,,168.82000732421875,,,169.4199981689453,,,164.91000366210938,,,165.50999450683594,,,81532000,
2022-03-23,,168.286865234375,,,170.2100067138672,,,172.63999938964844,,,167.64999389648438,,,167.99000549316406,,,98062700,
2022-03-24,,172.10325622558594,,,174.07000732421875,,,174.13999938964844,,,170.2100067138672,,,171.05999755859375,,,90131400,
2022-03-25,,172.74591064453125,,,174.72000122070312,,,175.27999877929688,,,172.75,,,173.8800048828125,,,80546200,
2022-03-28,,173.615966796875,,,175.60000610351562,,,175.72999572753906,,,172.0,,,172.1699981689453,,,90371900,
2022-03-29,,176.93798828125,,,178.9600067138672,,,179.00999450683594,,,176.33999633789062,,,176.69000244140625,,,100589400,
2022-03-30,,175.76144409179688,,,177.77000427246094,,,179.61000061035156,,,176.6999969482422,,,178.5500030517578,,,92633200,
2022-03-31,,172.6371612548828,,,174.61000061035156,,,178.02999877929688,,,174.39999389648438,,,177.83999633789062,,,103049300,
2022-04-01,,172.3405303955078,,,174.30999755859375,,,174.8800048828125,,,171.94000244140625,,,174.02999877929688,,,78751300,
2022-04-04,,176.4238739013672,,,178.44000244140625,,,178.49000549316406,,,174.44000244140625,,,174.57000732421875,,,76468400,
2022-04-05,,173.08206176757812,,,175.05999755859375,,,178.3000030517578,,,174.4199981689453,,,177.5,,,73401800,
2022-04-06,,169.88858032226562,,,171.8300018310547,,,173.6300048828125,,,170.1300048828125,,,172.36000061035156,,,89058800,
2022-04-07,,170.19505310058594,,,172.13999938964844,,,173.36000061035156,,,169.85000610351562,,,171.16000366210938,,,77594700,
2022-04-08,,168.168212890625,,,170.08999633789062,,,171.77999877929688,,,169.1999969482422,,,171.77999877929688,,,76575500,
2022-04-11,,163.87725830078125,,,165.75,,,169.02999877929688,,,165.5,,,168.7100067138672,,,72246700,
2022-04-12,,165.7657012939453,,,167.66000366210938,,,169.8699951171875,,,166.63999938964844,,,168.02000427246094,,,79265200,
2022-04-13,,168.47471618652344,,,170.39999389648438,,,171.0399932861328,,,166.77000427246094,,,167.38999938964844,,,70618900,
2022-04-14,,163.4224395751953,,,165.2899932861328,,,171.27000427246094,,,165.0399932861328,,,170.6199951171875,,,75329400,
2022-04-18,,163.20494079589844,,,165.07000732421875,,,166.60000610351562,,,163.57000732421875,,,163.9199981689453,,,69023900,
2022-04-19,,165.5085906982422,,,167.39999389648438,,,167.82000732421875,,,163.91000366210938,,,165.02000427246094,,,67723800,
2022-04-20,,165.34054565429688,,,167.22999572753906,,,168.8800048828125,,,166.10000610351562,,,168.75999450683594,,,67929800,
2022-04-21,,164.5396728515625,,,166.4199981689453,,,171.52999877929688,,,165.91000366210938,,,168.91000366210938,,,87227800,
2022-04-22,,159.96200561523438,,,161.7899932861328,,,167.8699951171875,,,161.5,,,166.4600067138672,,,84882400,
2022-04-25,,161.0397186279297,,,162.8800048828125,,,163.1699981689453,,,158.4600067138672,,,161.1199951171875,,,96046400,
2022-04-26,,155.0283966064453,,,156.8000030517578,,,162.33999633789062,,,156.72000122070312,,,162.25,,,95623200,
2022-04-27,,154.8009796142578,,,156.57000732421875,,,159.7899932861328,,,155.3800048828125,,,155.91000366210938,,,88063200,
2022-04-28,,161.79110717773438,,,163.63999938964844,,,164.52000427246094,,,158.92999267578125,,,159.25,,,130216800,
2022-04-29,,155.86880493164062,,,157.64999389648438,,,166.1999969482422,,,157.25,,,161.83999633789062,,,131747600,
2022-05-02,,156.17526245117188,,,157.9600067138672,,,158.22999572753906,,,153.27000427246094,,,156.7100067138672,,,123055300,
2022-05-03,,157.67808532714844,,,159.47999572753906,,,160.7100067138672,,,156.32000732421875,,,158.14999389648438,,,88966500,
2022-05-04,,164.14419555664062,,,166.02000427246094,,,166.47999572753906,,,159.25999450683594,,,159.6699981689453,,,108256500,
2022-05-05,,154.99871826171875,,,156.77000427246094,,,164.0800018310547,,,154.9499969482422,,,163.85000610351562,,,130525300,
2022-05-06,,155.73143005371094,,,157.27999877929688,,,159.44000244140625,,,154.17999267578125,,,156.00999450683594,,,116124600,
2022-05-09,,150.5628204345703,,,152.05999755859375,,,155.8300018310547,,,151.49000549316406,,,154.92999267578125,,,131577900,
2022-05-10,,152.9886932373047,,,154.50999450683594,,,156.74000549316406,,,152.92999267578125,,,155.52000427246094,,,115366700,
2022-05-11,,145.05755615234375,,,146.5,,,155.4499969482422,,,145.80999755859375,,,153.5,,,142689800,
2022-05-12,,141.15635681152344,,,142.55999755859375,,,146.1999969482422,,,138.8000030517578,,,142.77000427246094,,,182602000,
2022-05-13,,145.66159057617188,,,147.11000061035156,,,148.10000610351562,,,143.11000061035156,,,144.58999633789062,,,113990900,
2022-05-16,,144.1070098876953,,,145.5399932861328,,,147.52000427246094,,,144.17999267578125,,,145.5500030517578,,,86643800,
2022-05-17,,147.77059936523438,,,149.24000549316406,,,149.77000427246094,,,146.67999267578125,,,148.86000061035156,,,78336300,
2022-05-18,,139.43348693847656,,,140.82000732421875,,,147.36000061035156,,,139.89999389648438,,,146.85000610351562,,,109742900,
2022-05-19,,135.99766540527344,,,137.35000610351562,,,141.66000366210938,,,136.60000610351562,,,139.8800048828125,,,136095600,
2022-05-20,,136.23529052734375,,,137.58999633789062,,,140.6999969482422,,,132.61000061035156,,,139.08999633789062,,,137426100,
2022-05-23,,141.70094299316406,,,143.11000061035156,,,143.25999450683594,,,137.64999389648438,,,137.7899932861328,,,117726300,
2022-05-24,,138.97801208496094,,,140.36000061035156,,,141.97000122070312,,,137.3300018310547,,,140.80999755859375,,,104132700,
2022-05-25,,139.13644409179688,,,140.52000427246094,,,141.7899932861328,,,138.33999633789062,,,138.42999267578125,,,92482700,
2022-05-26,,142.36434936523438,,,143.77999877929688,,,144.33999633789062,,,137.13999938964844,,,137.38999938964844,,,90601500,
2022-05-27,,148.1666717529297,,,149.63999938964844,,,149.67999267578125,,,145.25999450683594,,,145.38999938964844,,,90978500,
2022-05-31,,147.37452697753906,,,148.83999633789062,,,150.66000366210938,,,146.83999633789062,,,149.07000732421875,,,103718400,
2022-06-01,,147.2458038330078,,,148.7100067138672,,,151.74000549316406,,,147.67999267578125,,,149.89999389648438,,,74286600,
2022-06-02,,149.72120666503906,,,151.2100067138672,,,151.27000427246094,,,146.86000061035156,,,147.8300018310547,,,72348100,
2022-06-03,,143.9486083984375,,,145.3800048828125,,,147.97000122070312,,,144.4600067138672,,,146.89999389648438,,,88570300,
2022-06-06,,144.70111083984375,,,146.13999938964844,,,148.57000732421875,,,144.89999389648438,,,147.02999877929688,,,71598400,
2022-06-07,,147.2458038330078,,,148.7100067138672,,,149.0,,,144.10000610351562,,,144.35000610351562,,,67808200,
2022-06-08,,146.5032196044922,,,147.9600067138672,,,149.8699951171875,,,147.4600067138672,,,148.5800018310547,,,53950200,
2022-06-09,,141.23558044433594,,,142.63999938964844,,,147.9499969482422,,,142.52999877929688,,,147.0800018310547,,,69473000,
2022-06-10,,135.7798309326172,,,137.1300048828125,,,140.75999450683594,,,137.05999755859375,,,140.27999877929688,,,91437900,
2022-06-13,,130.58151245117188,,,131.8800048828125,,,135.1999969482422,,,131.44000244140625,,,132.8699951171875,,,122207100,
2022-06-14,,131.4528350830078,,,132.75999450683594,,,133.88999938964844,,,131.47999572753906,,,133.1300048828125,,,84784300,
2022-06-15,,134.0965576171875,,,135.42999267578125,,,137.33999633789062,,,132.16000366210938,,,134.2899932861328,,,91533000,
2022-06-16,,128.77944946289062,,,130.05999755859375,,,132.38999938964844,,,129.0399932861328,,,132.0800018310547,,,108123900,
2022-06-17,,130.2646484375,,,131.55999755859375,,,133.0800018310547,,,129.80999755859375,,,130.07000732421875,,,134520300,
2022-06-21,,134.5322265625,,,135.8699951171875,,,137.05999755859375,,,133.32000732421875,,,133.4199981689453,,,81000500,
2022-06-22,,134.01736450195312,,,135.35000610351562,,,137.75999450683594,,,133.91000366210938,,,134.7899932861328,,,73409200,
2022-06-23,,136.9086151123047,,,138.27000427246094,,,138.58999633789062,,,135.6300048828125,,,136.82000732421875,,,72433800,
2022-06-24,,140.26522827148438,,,141.66000366210938,,,141.91000366210938,,,139.77000427246094,,,139.89999389648438,,,89116800,
2022-06-27,,140.26522827148438,,,141.66000366210938,,,143.49000549316406,,,140.97000122070312,,,142.6999969482422,,,70207900,
2022-06-28,,136.0867919921875,,,137.44000244140625,,,143.4199981689453,,,137.32000732421875,,,142.1300048828125,,,67083400,
2022-06-29,,137.85914611816406,,,139.22999572753906,,,140.6699981689453,,,136.6699981689453,,,137.4600067138672,,,66242400,
2022-06-30,,135.37384033203125,,,136.72000122070312,,,138.3699951171875,,,133.77000427246094,,,137.25,,,98964500,
2022-07-01,,137.5620880126953,,,138.92999267578125,,,139.0399932861328,,,135.66000366210938,,,136.0399932861328,,,71051600,
2022-07-05,,140.16619873046875,,,141.55999755859375,,,141.61000061035156,,,136.92999267578125,,,137.77000427246094,,,73353800,
2022-07-06,,141.5128173828125,,,142.9199981689453,,,144.1199951171875,,,141.0800018310547,,,141.35000610351562,,,74064300,
2022-07-07,,144.9090576171875,,,146.35000610351562,,,146.5500030517578,,,143.27999877929688,,,143.2899932861328,,,66253700,
2022-07-08,,145.59225463867188,,,147.0399932861328,,,147.5500030517578,,,145.0,,,145.25999450683594,,,64547800,
2022-07-11,,143.443603515625,,,144.8699951171875,,,146.63999938964844,,,143.77999877929688,,,145.6699981689453,,,63141600,
2022-07-12,,144.4238739013672,,,145.86000061035156,,,148.4499969482422,,,145.0500030517578,,,145.75999450683594,,,77588800,
2022-07-13,,144.05752563476562,,,145.49000549316406,,,146.4499969482422,,,142.1199951171875,,,142.99000549316406,,,71185600,
2022-07-14,,147.0081787109375,,,148.47000122070312,,,148.9499969482422,,,143.25,,,144.0800018310547,,,78140700,
2022-07-15,,148.69143676757812,,,150.1699981689453,,,150.86000061035156,,,148.1999969482422,,,149.77999877929688,,,76259900,
2022-07-18,,145.62196350097656,,,147.07000732421875,,,151.57000732421875,,,146.6999969482422,,,150.74000549316406,,,81420900,
2022-07-19,,149.51327514648438,,,151.0,,,151.22999572753906,,,146.91000366210938,,,147.9199981689453,,,82982400,
2022-07-20,,151.53318786621094,,,153.0399932861328,,,153.72000122070312,,,150.3699951171875,,,151.1199951171875,,,64823400,
2022-07-21,,153.8204345703125,,,155.35000610351562,,,155.57000732421875,,,151.94000244140625,,,154.5,,,65086600,
2022-07-22,,152.5728302001953,,,154.08999633789062,,,156.27999877929688,,,153.41000366210938,,,155.38999938964844,,,66675400,
2022-07-25,,151.44407653808594,,,152.9499969482422,,,155.0399932861328,,,152.27999877929688,,,154.00999450683594,,,53623900,
2022-07-26,,150.1073760986328,,,151.60000610351562,,,153.08999633789062,,,150.8000030517578,,,152.25999450683594,,,55138700,
2022-07-27,,155.24624633789062,,,156.7899932861328,,,157.3300018310547,,,152.16000366210938,,,152.5800018310547,,,78620700,
2022-07-28,,155.80075073242188,,,157.35000610351562,,,157.63999938964844,,,154.41000366210938,,,156.97999572753906,,,81378700,
2022-07-29,,160.909912109375,,,162.50999450683594,,,163.6300048828125,,,159.5,,,161.24000549316406,,,101786900,
2022-08-01,,159.91976928710938,,,161.50999450683594,,,163.58999633789062,,,160.88999938964844,,,161.00999450683594,,,67829400,
2022-08-02,,158.43455505371094,,,160.00999450683594,,,162.41000366210938,,,159.6300048828125,,,160.10000610351562,,,59907000,
2022-08-03,,164.49429321289062,,,166.1300048828125,,,166.58999633789062,,,160.75,,,160.83999633789062,,,82507500,
2022-08-04,,164.17742919921875,,,165.80999755859375,,,167.19000244140625,,,164.42999267578125,,,166.00999450683594,,,55474100,
2022-08-05,,163.94940185546875,,,165.35000610351562,,,165.85000610351562,,,163.0,,,163.2100067138672,,,56697000,
2022-08-08,,163.47344970703125,,,164.8699951171875,,,167.80999755859375,,,164.1999969482422,,,166.3699951171875,,,60276900,
2022-08-09,,163.52305603027344,,,164.9199981689453,,,165.82000732421875,,,163.25,,,164.02000427246094,,,63135500,
2022-08-10,,167.8064422607422,,,169.24000549316406,,,169.33999633789062,,,166.89999389648438,,,167.67999267578125,,,70170500,
2022-08-11,,167.06280517578125,,,168.49000549316406,,,170.99000549316406,,,168.19000244140625,,,170.05999755859375,,,57149200,
2022-08-12,,170.6422119140625,,,172.10000610351562,,,172.1699981689453,,,169.39999389648438,,,169.82000732421875,,,68039400,
2022-08-15,,171.72299194335938,,,173.19000244140625,,,173.38999938964844,,,171.35000610351562,,,171.52000427246094,,,54091700,
2022-08-16,,171.56434631347656,,,173.02999877929688,,,173.7100067138672,,,171.66000366210938,,,172.77999877929688,,,56377100,
2022-08-17,,173.07147216796875,,,174.5500030517578,,,176.14999389648438,,,172.57000732421875,,,172.77000427246094,,,79542000,
2022-08-18,,172.67483520507812,,,174.14999389648438,,,174.89999389648438,,,173.1199951171875,,,173.75,,,62290100,
2022-08-19,,170.06710815429688,,,171.52000427246094,,,173.74000549316406,,,171.30999755859375,,,173.02999877929688,,,70346300,
2022-08-22,,166.1505889892578,,,167.57000732421875,,,169.86000061035156,,,167.13999938964844,,,169.69000244140625,,,69026800,
2022-08-23,,165.81349182128906,,,167.22999572753906,,,168.7100067138672,,,166.64999389648438,,,167.0800018310547,,,54147100,
2022-08-24,,166.11093139648438,,,167.52999877929688,,,168.11000061035156,,,166.25,,,167.32000732421875,,,53841500,
2022-08-25,,168.58975219726562,,,170.02999877929688,,,170.13999938964844,,,168.35000610351562,,,168.77999877929688,,,51218200,
2022-08-26,,162.23403930664062,,,163.6199951171875,,,171.0500030517578,,,163.55999755859375,,,170.57000732421875,,,78961000,
2022-08-29,,160.0130157470703,,,161.3800048828125,,,162.89999389648438,,,159.82000732421875,,,161.14999389648438,,,73314000,
2022-08-30,,157.56394958496094,,,158.91000366210938,,,162.55999755859375,,,157.72000122070312,,,162.1300048828125,,,77906200,
2022-08-31,,155.8882598876953,,,157.22000122070312,,,160.5800018310547,,,157.13999938964844,,,160.30999755859375,,,87991100,
2022-09-01,,156.62200927734375,,,157.9600067138672,,,158.4199981689453,,,154.6699981689453,,,156.63999938964844,,,74229900,
2022-09-02,,154.49020385742188,,,155.80999755859375,,,160.36000061035156,,,154.97000122070312,,,159.75,,,76957800,
2022-09-06,,153.22103881835938,,,154.52999877929688,,,157.08999633789062,,,153.69000244140625,,,156.47000122070312,,,73714800,
2022-09-07,,154.63893127441406,,,155.9600067138672,,,156.6699981689453,,,153.61000061035156,,,154.82000732421875,,,87449600,
2022-09-08,,153.15164184570312,,,154.4600067138672,,,156.36000061035156,,,152.67999267578125,,,154.63999938964844,,,84923800,
2022-09-09,,156.03697204589844,,,157.3699951171875,,,157.82000732421875,,,154.75,,,155.47000122070312,,,68028800,
2022-09-12,,162.04563903808594,,,163.42999267578125,,,164.25999450683594,,,159.3000030517578,,,159.58999633789062,,,104956000,
2022-09-13,,152.53689575195312,,,153.83999633789062,,,160.5399932861328,,,153.3699951171875,,,159.89999389648438,,,122656600,
2022-09-14,,153.9944305419922,,,155.30999755859375,,,157.10000610351562,,,153.61000061035156,,,154.7899932861328,,,87965400,
2022-09-15,,151.07931518554688,,,152.3699951171875,,,155.24000549316406,,,151.3800048828125,,,154.64999389648438,,,90481100,
2022-09-16,,149.42349243164062,,,150.6999969482422,,,151.35000610351562,,,148.3699951171875,,,151.2100067138672,,,162278800,
2022-09-19,,153.1714630126953,,,154.47999572753906,,,154.55999755859375,,,149.10000610351562,,,149.30999755859375,,,81474200,
2022-09-20,,155.57098388671875,,,156.89999389648438,,,158.0800018310547,,,153.0800018310547,,,153.39999389648438,,,107689800,
2022-09-21,,152.4179229736328,,,153.72000122070312,,,158.74000549316406,,,153.60000610351562,,,157.33999633789062,,,101696800,
2022-09-22,,151.44619750976562,,,152.74000549316406,,,154.47000122070312,,,150.91000366210938,,,152.3800048828125,,,86652500,
2022-09-23,,149.15577697753906,,,150.42999267578125,,,151.47000122070312,,,148.55999755859375,,,151.19000244140625,,,96029900,
2022-09-26,,149.492919921875,,,150.77000427246094,,,153.77000427246094,,,149.63999938964844,,,149.66000366210938,,,93339400,
2022-09-27,,150.47450256347656,,,151.75999450683594,,,154.72000122070312,,,149.9499969482422,,,152.74000549316406,,,84442700,
2022-09-28,,148.57077026367188,,,149.83999633789062,,,150.63999938964844,,,144.83999633789062,,,147.63999938964844,,,146691400,
2022-09-29,,141.27310180664062,,,142.47999572753906,,,146.72000122070312,,,140.67999267578125,,,146.10000610351562,,,128138200,
2022-09-30,,137.0293731689453,,,138.1999969482422,,,143.10000610351562,,,138.0,,,141.27999877929688,,,124925300,
2022-10-03,,141.24337768554688,,,142.4499969482422,,,143.07000732421875,,,137.69000244140625,,,138.2100067138672,,,114311700,
2022-10-04,,144.8624725341797,,,146.10000610351562,,,146.22000122070312,,,144.25999450683594,,,145.02999877929688,,,87830100,
2022-10-05,,145.15989685058594,,,146.39999389648438,,,147.3800048828125,,,143.00999450683594,,,144.07000732421875,,,79471000,
2022-10-06,,144.19810485839844,,,145.42999267578125,,,147.5399932861328,,,145.22000122070312,,,145.80999755859375,,,68402200,
2022-10-07,,138.9033660888672,,,140.08999633789062,,,143.10000610351562,,,139.4499969482422,,,142.5399932861328,,,85925600,
2022-10-10,,139.23057556152344,,,140.4199981689453,,,141.88999938964844,,,138.57000732421875,,,140.4199981689453,,,74899000,
2022-10-11,,137.80274963378906,,,138.97999572753906,,,141.35000610351562,,,138.22000122070312,,,139.89999389648438,,,77033700,
2022-10-12,,137.16818237304688,,,138.33999633789062,,,140.36000061035156,,,138.16000366210938,,,139.1300048828125,,,70433700,
2022-10-13,,141.77879333496094,,,142.99000549316406,,,143.58999633789062,,,134.3699951171875,,,134.99000549316406,,,113224000,
2022-10-14,,137.2078399658203,,,138.3800048828125,,,144.52000427246094,,,138.19000244140625,,,144.30999755859375,,,88598000,
2022-10-17,,141.20372009277344,,,142.41000366210938,,,142.89999389648438,,,140.27000427246094,,,141.07000732421875,,,85250900,
2022-10-18,,142.53236389160156,,,143.75,,,146.6999969482422,,,140.61000061035156,,,145.49000549316406,,,99136600,
2022-10-19,,142.64141845703125,,,143.86000061035156,,,144.9499969482422,,,141.5,,,141.69000244140625,,,61758300,
2022-10-20,,142.17539978027344,,,143.38999938964844,,,145.88999938964844,,,142.64999389648438,,,143.02000427246094,,,64522000,
2022-10-21,,146.02252197265625,,,147.27000427246094,,,147.85000610351562,,,142.64999389648438,,,142.8699951171875,,,86548600,
2022-10-24,,148.18405151367188,,,149.4499969482422,,,150.22999572753906,,,146.0,,,147.19000244140625,,,75981900,
2022-10-25,,151.04959106445312,,,152.33999633789062,,,152.49000549316406,,,149.36000061035156,,,150.08999633789062,,,74732300,
2022-10-26,,148.08493041992188,,,149.35000610351562,,,151.99000549316406,,,148.0399932861328,,,150.9600067138672,,,88194300,
2022-10-27,,143.5734405517578,,,144.8000030517578,,,149.0500030517578,,,144.1300048828125,,,148.07000732421875,,,109180200,
2022-10-28,,154.42079162597656,,,155.74000549316406,,,157.5,,,147.82000732421875,,,148.1999969482422,,,164762400,
2022-10-31,,152.04112243652344,,,153.33999633789062,,,154.24000549316406,,,151.9199981689453,,,153.16000366210938,,,97943200,
2022-11-01,,149.37391662597656,,,150.64999389648438,,,155.4499969482422,,,149.1300048828125,,,155.0800018310547,,,80379300,
2022-11-02,,143.801513671875,,,145.02999877929688,,,152.1699981689453,,,145.0,,,148.9499969482422,,,93604600,
2022-11-03,,137.70361328125,,,138.8800048828125,,,142.8000030517578,,,138.75,,,142.05999755859375,,,97918500,
2022-11-04,,137.43545532226562,,,138.3800048828125,,,142.6699981689453,,,134.3800048828125,,,142.08999633789062,,,140814800,
2022-11-07,,137.97174072265625,,,138.9199981689453,,,139.14999389648438,,,135.6699981689453,,,137.11000061035156,,,83374600,
2022-11-08,,138.5478057861328,,,139.5,,,141.42999267578125,,,137.49000549316406,,,140.41000366210938,,,89908500,
2022-11-09,,133.94940185546875,,,134.8699951171875,,,138.5500030517578,,,134.58999633789062,,,138.5,,,74917800,
2022-11-10,,145.8675079345703,,,146.8699951171875,,,146.8699951171875,,,139.5,,,141.24000549316406,,,118854000,
2022-11-11,,148.67819213867188,,,149.6999969482422,,,150.00999450683594,,,144.3699951171875,,,145.82000732421875,,,93979700,
2022-11-14,,147.26788330078125,,,148.27999877929688,,,150.27999877929688,,,147.42999267578125,,,148.97000122070312,,,73374100,
2022-11-15,,149.01585388183594,,,150.0399932861328,,,153.58999633789062,,,148.55999755859375,,,152.22000122070312,,,89868300,
2022-11-16,,147.77438354492188,,,148.7899932861328,,,149.8699951171875,,,147.2899932861328,,,149.1300048828125,,,64218300,
2022-11-17,,149.69122314453125,,,150.72000122070312,,,151.47999572753906,,,146.14999389648438,,,146.42999267578125,,,80389400,
2022-11-18,,150.25733947753906,,,151.2899932861328,,,152.6999969482422,,,149.97000122070312,,,152.30999755859375,,,74829600,
2022-11-21,,146.99972534179688,,,148.00999450683594,,,150.3699951171875,,,147.72000122070312,,,150.16000366210938,,,58724100,
2022-11-22,,149.1549072265625,,,150.17999267578125,,,150.4199981689453,,,146.92999267578125,,,148.1300048828125,,,51804100,
2022-11-23,,150.03884887695312,,,151.07000732421875,,,151.8300018310547,,,149.33999633789062,,,149.4499969482422,,,58301400,
2022-11-25,,147.0990447998047,,,148.11000061035156,,,148.8800048828125,,,147.1199951171875,,,148.30999755859375,,,35195900,
2022-11-28,,143.235595703125,,,144.22000122070312,,,146.63999938964844,,,143.3800048828125,,,145.13999938964844,,,69246000,
2022-11-29,,140.20640563964844,,,141.1699981689453,,,144.80999755859375,,,140.35000610351562,,,144.2899932861328,,,83763800,
2022-11-30,,147.0195770263672,,,148.02999877929688,,,148.72000122070312,,,140.5500030517578,,,141.39999389648438,,,111380900,
2022-12-01,,147.29766845703125,,,148.30999755859375,,,149.1300048828125,,,146.61000061035156,,,148.2100067138672,,,71250400,
2022-12-02,,146.8011016845703,,,147.80999755859375,,,148.0,,,145.64999389648438,,,145.9600067138672,,,65447400,
2022-12-05,,145.629150390625,,,146.6300048828125,,,150.9199981689453,,,145.77000427246094,,,147.77000427246094,,,68826400,
2022-12-06,,141.93453979492188,,,142.91000366210938,,,147.3000030517578,,,141.9199981689453,,,147.07000732421875,,,64727200,
2022-12-07,,139.9779815673828,,,140.94000244140625,,,143.3699951171875,,,140.0,,,142.19000244140625,,,69721100,
2022-12-08,,141.67630004882812,,,142.64999389648438,,,143.52000427246094,,,141.10000610351562,,,142.36000061035156,,,62128300,
2022-12-09,,141.1896514892578,,,142.16000366210938,,,145.57000732421875,,,140.89999389648438,,,142.33999633789062,,,76097000,
2022-12-12,,143.5037384033203,,,144.49000549316406,,,144.5,,,141.05999755859375,,,142.6999969482422,,,70462700,
2022-12-13,,144.47706604003906,,,145.47000122070312,,,149.97000122070312,,,144.24000549316406,,,149.5,,,93886200,
2022-12-14,,142.2324981689453,,,143.2100067138672,,,146.66000366210938,,,141.16000366210938,,,145.35000610351562,,,82291200,
2022-12-15,,135.5682830810547,,,136.5,,,141.8000030517578,,,136.02999877929688,,,141.11000061035156,,,98931900,
2022-12-16,,133.5918731689453,,,134.50999450683594,,,137.64999389648438,,,133.72999572753906,,,136.69000244140625,,,160156900,
2022-12-19,,131.46646118164062,,,132.3699951171875,,,135.1999969482422,,,131.32000732421875,,,135.11000061035156,,,79592600,
2022-12-20,,131.39697265625,,,132.3000030517578,,,133.25,,,129.88999938964844,,,131.38999938964844,,,77432800,
2022-12-21,,134.52545166015625,,,135.4499969482422,,,136.80999755859375,,,132.75,,,132.97999572753906,,,85928000,
2022-12-22,,131.3274383544922,,,132.22999572753906,,,134.55999755859375,,,130.3000030517578,,,134.35000610351562,,,77852100,
2022-12-23,,130.95994567871094,,,131.86000061035156,,,132.4199981689453,,,129.63999938964844,,,130.9199981689453,,,63814900,
2022-12-27,,129.14244079589844,,,130.02999877929688,,,131.41000366210938,,,128.72000122070312,,,131.3800048828125,,,69007800,
2022-12-28,,125.17967224121094,,,126.04000091552734,,,131.02999877929688,,,125.87000274658203,,,129.6699981689453,,,85438400,
2022-12-29,,128.72531127929688,,,129.61000061035156,,,130.47999572753906,,,127.7300033569336,,,127.98999786376953,,,75703700,
2022-12-30,,129.04312133789062,,,129.92999267578125,,,129.9499969482422,,,127.43000030517578,,,128.41000366210938,,,77034200,
2023-01-03,,124.21630096435547,,,125.06999969482422,,,130.89999389648438,,,124.16999816894531,,,130.27999877929688,,,112117500,
2023-01-04,,125.49749755859375,,,126.36000061035156,,,128.66000366210938,,,125.08000183105469,,,126.88999938964844,,,89113600,
2023-01-05,,124.1666488647461,,,125.0199966430664,,,127.7699966430664,,,124.76000213623047,,,127.12999725341797,,,80962700,
2023-01-06,,128.7352294921875,,,129.6199951171875,,,130.2899932861328,,,124.88999938964844,,,126.01000213623047,,,87754700,
2023-01-09,,129.2615966796875,,,130.14999389648438,,,133.41000366210938,,,129.88999938964844,,,130.47000122070312,,,70790800,
2023-01-10,,129.837646484375,,,130.72999572753906,,,131.25999450683594,,,128.1199951171875,,,130.25999450683594,,,63896200,
2023-01-11,,132.57884216308594,,,133.49000549316406,,,133.50999450683594,,,130.4600067138672,,,131.25,,,69458900,
2023-01-12,,132.49937438964844,,,133.41000366210938,,,134.25999450683594,,,131.44000244140625,,,133.8800048828125,,,71379600,
2023-01-13,,133.84014892578125,,,134.75999450683594,,,134.9199981689453,,,131.66000366210938,,,132.02999877929688,,,57809700,
2023-01-17,,135.0120849609375,,,135.94000244140625,,,137.2899932861328,,,134.1300048828125,,,134.8300018310547,,,63646600,
2023-01-18,,134.28709411621094,,,135.2100067138672,,,138.61000061035156,,,135.02999877929688,,,136.82000732421875,,,69672800,
2023-01-19,,134.3466796875,,,135.27000427246094,,,136.25,,,133.77000427246094,,,134.0800018310547,,,58280400,
2023-01-20,,136.92892456054688,,,137.8699951171875,,,138.02000427246094,,,134.22000122070312,,,135.27999877929688,,,80223600,
2023-01-23,,140.1468048095703,,,141.11000061035156,,,143.32000732421875,,,137.89999389648438,,,138.1199951171875,,,81760300,
2023-01-24,,141.55712890625,,,142.52999877929688,,,143.16000366210938,,,140.3000030517578,,,140.30999755859375,,,66435100,
2023-01-25,,140.89169311523438,,,141.86000061035156,,,142.42999267578125,,,138.80999755859375,,,140.88999938964844,,,65799300,
2023-01-26,,142.9773712158203,,,143.9600067138672,,,144.25,,,141.89999389648438,,,143.1699981689453,,,54105100,
2023-01-27,,144.9339141845703,,,145.92999267578125,,,147.22999572753906,,,143.0800018310547,,,143.16000366210938,,,70555800,
2023-01-30,,142.02391052246094,,,143.0,,,145.5500030517578,,,142.85000610351562,,,144.9600067138672,,,64015300,
2023-01-31,,143.30508422851562,,,144.2899932861328,,,144.33999633789062,,,142.27999877929688,,,142.6999969482422,,,65874500,
2023-02-01,,144.43731689453125,,,145.42999267578125,,,146.61000061035156,,,141.32000732421875,,,143.97000122070312,,,77663600,
2023-02-02,,149.79055786132812,,,150.82000732421875,,,151.17999267578125,,,148.1699981689453,,,148.89999389648438,,,118339000,
2023-02-03,,153.44541931152344,,,154.5,,,157.3800048828125,,,147.8300018310547,,,148.02999877929688,,,154357300,
2023-02-06,,150.69432067871094,,,151.72999572753906,,,153.10000610351562,,,150.77999877929688,,,152.57000732421875,,,69858300,
2023-02-07,,153.59439086914062,,,154.64999389648438,,,155.22999572753906,,,150.63999938964844,,,150.63999938964844,,,83322600,
2023-02-08,,150.88302612304688,,,151.9199981689453,,,154.5800018310547,,,151.1699981689453,,,153.8800048828125,,,64120100,
2023-02-09,,149.84019470214844,,,150.8699951171875,,,154.3300018310547,,,150.4199981689453,,,153.77999877929688,,,56007100,
2023-02-10,,150.20822143554688,,,151.00999450683594,,,151.33999633789062,,,149.22000122070312,,,149.4600067138672,,,57450700,
2023-02-13,,153.0331573486328,,,153.85000610351562,,,154.25999450683594,,,150.9199981689453,,,150.9499969482422,,,62199000,
2023-02-14,,152.38661193847656,,,153.1999969482422,,,153.77000427246094,,,150.86000061035156,,,152.1199951171875,,,61707600,
2023-02-15,,154.5052947998047,,,155.3300018310547,,,155.5,,,152.8800048828125,,,153.11000061035156,,,65573800,
2023-02-16,,152.89390563964844,,,153.7100067138672,,,156.3300018310547,,,153.35000610351562,,,153.50999450683594,,,68167900,
2023-02-17,,151.7400665283203,,,152.5500030517578,,,153.0,,,150.85000610351562,,,152.35000610351562,,,59144100,
2023-02-21,,147.69166564941406,,,148.47999572753906,,,151.3000030517578,,,148.41000366210938,,,150.1999969482422,,,58867200,
2023-02-22,,148.119384765625,,,148.91000366210938,,,149.9499969482422,,,147.16000366210938,,,148.8699951171875,,,51011300,
2023-02-23,,148.60678100585938,,,149.39999389648438,,,150.33999633789062,,,147.24000549316406,,,150.08999633789062,,,48394200,
2023-02-24,,145.93106079101562,,,146.7100067138672,,,147.19000244140625,,,145.72000122070312,,,147.11000061035156,,,55469600,
2023-02-27,,147.1346435546875,,,147.9199981689453,,,149.1699981689453,,,147.4499969482422,,,147.7100067138672,,,44998500,
2023-02-28,,146.62734985351562,,,147.41000366210938,,,149.0800018310547,,,146.8300018310547,,,147.0500030517578,,,50547000,
2023-03-01,,144.5384979248047,,,145.30999755859375,,,147.22999572753906,,,145.00999450683594,,,146.8300018310547,,,55479000,
2023-03-02,,145.13531494140625,,,145.91000366210938,,,146.7100067138672,,,143.89999389648438,,,144.3800048828125,,,52238100,
2023-03-03,,150.22813415527344,,,151.02999877929688,,,151.11000061035156,,,147.3300018310547,,,148.0399932861328,,,70732300,
2023-03-06,,153.0132598876953,,,153.8300018310547,,,156.3000030517578,,,153.4600067138672,,,153.7899932861328,,,87558000,
2023-03-07,,150.7951202392578,,,151.60000610351562,,,154.02999877929688,,,151.1300048828125,,,153.6999969482422,,,56182000,
2023-03-08,,152.05836486816406,,,152.8699951171875,,,153.47000122070312,,,151.8300018310547,,,152.80999755859375,,,47204800,
2023-03-09,,149.79046630859375,,,150.58999633789062,,,154.5399932861328,,,150.22999572753906,,,153.55999755859375,,,53833600,
2023-03-10,,147.7115478515625,,,148.5,,,150.94000244140625,,,147.61000061035156,,,150.2100067138672,,,68572400,
2023-03-13,,149.67111206054688,,,150.47000122070312,,,153.13999938964844,,,147.6999969482422,,,147.80999755859375,,,84457100,
2023-03-14,,151.77984619140625,,,152.58999633789062,,,153.39999389648438,,,150.10000610351562,,,151.27999877929688,,,73695900,
2023-03-15,,152.177734375,,,152.99000549316406,,,153.25,,,149.9199981689453,,,151.19000244140625,,,77167900,
2023-03-16,,155.0225372314453,,,155.85000610351562,,,156.4600067138672,,,151.63999938964844,,,152.16000366210938,,,76161100,
2023-03-17,,154.1770477294922,,,155.0,,,156.74000549316406,,,154.27999877929688,,,156.0800018310547,,,98944600,
2023-03-20,,156.56430053710938,,,157.39999389648438,,,157.82000732421875,,,154.14999389648438,,,155.07000732421875,,,73641400,
2023-03-21,,158.43431091308594,,,159.27999877929688,,,159.39999389648438,,,156.5399932861328,,,157.32000732421875,,,73938300,
2023-03-22,,156.9920196533203,,,157.8300018310547,,,162.13999938964844,,,157.80999755859375,,,159.3000030517578,,,75701800,
2023-03-23,,158.08616638183594,,,158.92999267578125,,,161.5500030517578,,,157.67999267578125,,,158.8300018310547,,,67622100,
2023-03-24,,159.39918518066406,,,160.25,,,160.33999633789062,,,157.85000610351562,,,158.86000061035156,,,59196500,
2023-03-27,,157.43963623046875,,,158.27999877929688,,,160.77000427246094,,,157.8699951171875,,,159.94000244140625,,,52390300,
2023-03-28,,156.81295776367188,,,157.64999389648438,,,158.49000549316406,,,155.97999572753906,,,157.97000122070312,,,45992200,
2023-03-29,,159.9164276123047,,,160.77000427246094,,,161.0500030517578,,,159.35000610351562,,,159.3699951171875,,,51305700,
2023-03-30,,161.49798583984375,,,162.36000061035156,,,162.47000122070312,,,161.27000427246094,,,161.52999877929688,,,49501700,
2023-03-31,,164.02447509765625,,,164.89999389648438,,,165.0,,,161.91000366210938,,,162.44000244140625,,,68749800,
2023-04-03,,165.28775024414062,,,166.1699981689453,,,166.2899932861328,,,164.22000122070312,,,164.27000427246094,,,56976200,
2023-04-04,,164.75062561035156,,,165.6300048828125,,,166.83999633789062,,,165.11000061035156,,,166.60000610351562,,,46278300,
2023-04-05,,162.89053344726562,,,163.75999450683594,,,165.0500030517578,,,161.8000030517578,,,164.74000549316406,,,51511700,
2023-04-06,,163.7857666015625,,,164.66000366210938,,,164.9600067138672,,,162.0,,,162.42999267578125,,,45390100,
2023-04-10,,161.1697235107422,,,162.02999877929688,,,162.02999877929688,,,160.0800018310547,,,161.4199981689453,,,47716900,
2023-04-11,,159.94625854492188,,,160.8000030517578,,,162.36000061035156,,,160.50999450683594,,,162.35000610351562,,,47644200,
2023-04-12,,159.24998474121094,,,160.10000610351562,,,162.05999755859375,,,159.77999877929688,,,161.22000122070312,,,50133100,
2023-04-13,,164.68096923828125,,,165.55999755859375,,,165.8000030517578,,,161.4199981689453,,,161.6300048828125,,,68445600,
2023-04-14,,164.3328399658203,,,165.2100067138672,,,166.32000732421875,,,163.82000732421875,,,164.58999633789062,,,49386500,
2023-04-17,,164.3527374267578,,,165.22999572753906,,,165.38999938964844,,,164.02999877929688,,,165.08999633789062,,,41516200,
2023-04-18,,165.58616638183594,,,166.47000122070312,,,167.41000366210938,,,165.64999389648438,,,166.10000610351562,,,49923000,
2023-04-19,,166.74000549316406,,,167.6300048828125,,,168.16000366210938,,,165.5399932861328,,,165.8000030517578,,,47720200,
2023-04-20,,165.76519775390625,,,166.64999389648438,,,167.8699951171875,,,165.55999755859375,,,166.08999633789062,,,52456400,
2023-04-21,,164.14385986328125,,,165.02000427246094,,,166.4499969482422,,,164.49000549316406,,,165.0500030517578,,,58337300,
2023-04-24,,164.45220947265625,,,165.3300018310547,,,165.60000610351562,,,163.88999938964844,,,165.0,,,41949600,
2023-04-25,,162.90048217773438,,,163.77000427246094,,,166.30999755859375,,,163.72999572753906,,,165.19000244140625,,,48714100,
2023-04-26,,162.89053344726562,,,163.75999450683594,,,165.27999877929688,,,162.8000030517578,,,163.05999755859375,,,45498800,
2023-04-27,,167.51585388183594,,,168.41000366210938,,,168.55999755859375,,,165.19000244140625,,,165.19000244140625,,,64902300,
2023-04-28,,168.77911376953125,,,169.67999267578125,,,169.85000610351562,,,167.8800048828125,,,168.49000549316406,,,55209200,
2023-05-01,,168.68959045410156,,,169.58999633789062,,,170.4499969482422,,,168.63999938964844,,,169.27999877929688,,,52472900,
2023-05-02,,167.6451416015625,,,168.5399932861328,,,170.35000610351562,,,167.5399932861328,,,170.08999633789062,,,48425700,
2023-05-03,,166.56094360351562,,,167.4499969482422,,,170.9199981689453,,,167.16000366210938,,,169.5,,,65136000,
2023-05-04,,164.9097442626953,,,165.7899932861328,,,167.0399932861328,,,164.30999755859375,,,164.88999938964844,,,81235400,
2023-05-05,,172.64845275878906,,,173.57000732421875,,,174.3000030517578,,,170.75999450683594,,,170.97999572753906,,,113316400,
2023-05-08,,172.57882690429688,,,173.5,,,173.85000610351562,,,172.11000061035156,,,172.47999572753906,,,55962800,
2023-05-09,,170.85801696777344,,,171.77000427246094,,,173.5399932861328,,,171.60000610351562,,,173.0500030517578,,,45326900,
2023-05-10,,172.6385040283203,,,173.55999755859375,,,174.02999877929688,,,171.89999389648438,,,173.02000427246094,,,53724500,
2023-05-11,,172.82749938964844,,,173.75,,,174.58999633789062,,,172.1699981689453,,,173.85000610351562,,,49514700,
2023-05-12,,171.8911895751953,,,172.57000732421875,,,174.05999755859375,,,171.0,,,173.6199951171875,,,45497800,
2023-05-15,,171.39317321777344,,,172.07000732421875,,,173.2100067138672,,,171.47000122070312,,,173.16000366210938,,,37266700,
2023-05-16,,171.39317321777344,,,172.07000732421875,,,173.13999938964844,,,171.8000030517578,,,171.99000549316406,,,42110300,
2023-05-17,,172.01072692871094,,,172.69000244140625,,,172.92999267578125,,,170.4199981689453,,,171.7100067138672,,,57951600,
2023-05-18,,174.36143493652344,,,175.0500030517578,,,175.24000549316406,,,172.5800018310547,,,173.0,,,65496700,
2023-05-19,,174.4710235595703,,,175.16000366210938,,,176.38999938964844,,,174.94000244140625,,,176.38999938964844,,,55772400,
2023-05-22,,173.51478576660156,,,174.1999969482422,,,174.7100067138672,,,173.4499969482422,,,173.97999572753906,,,43570900,
2023-05-23,,170.8851776123047,,,171.55999755859375,,,173.3800048828125,,,171.27999877929688,,,173.1300048828125,,,50747300,
2023-05-24,,171.1640625,,,171.83999633789062,,,172.4199981689453,,,170.52000427246094,,,171.08999633789062,,,45143500,
2023-05-25,,172.30953979492188,,,172.99000549316406,,,173.89999389648438,,,171.69000244140625,,,172.41000366210938,,,56058300,
2023-05-26,,174.7399444580078,,,175.42999267578125,,,175.77000427246094,,,173.11000061035156,,,173.32000732421875,,,54835000,
2023-05-30,,176.6025848388672,,,177.3000030517578,,,178.99000549316406,,,176.57000732421875,,,176.9600067138672,,,55964400,
2023-05-31,,176.55279541015625,,,177.25,,,179.35000610351562,,,176.75999450683594,,,177.3300018310547,,,99625300,
2023-06-01,,179.38160705566406,,,180.08999633789062,,,180.1199951171875,,,176.92999267578125,,,177.6999969482422,,,68901800,
2023-06-02,,180.23822021484375,,,180.9499969482422,,,181.77999877929688,,,179.25999450683594,,,181.02999877929688,,,61945900,
2023-06-05,,178.8736114501953,,,179.5800018310547,,,184.9499969482422,,,178.0399932861328,,,182.6300048828125,,,121946500,
2023-06-06,,178.5050811767578,,,179.2100067138672,,,180.1199951171875,,,177.42999267578125,,,179.97000122070312,,,64848400,
2023-06-07,,177.12054443359375,,,177.82000732421875,,,181.2100067138672,,,177.32000732421875,,,178.44000244140625,,,61944600,
2023-06-08,,179.85972595214844,,,180.57000732421875,,,180.83999633789062,,,177.4600067138672,,,177.89999389648438,,,50214900,
2023-06-09,,180.24819946289062,,,180.9600067138672,,,182.22999572753906,,,180.6300048828125,,,181.5,,,48870700,
2023-06-12,,183.0670623779297,,,183.7899932861328,,,183.88999938964844,,,180.97000122070312,,,181.27000427246094,,,54274900,
2023-06-13,,182.5889434814453,,,183.30999755859375,,,184.14999389648438,,,182.44000244140625,,,182.8000030517578,,,54929100,
2023-06-14,,183.22642517089844,,,183.9499969482422,,,184.38999938964844,,,182.02000427246094,,,183.3699951171875,,,57462900,
2023-06-15,,185.27833557128906,,,186.00999450683594,,,186.52000427246094,,,183.77999877929688,,,183.9600067138672,,,65433200,
2023-06-16,,184.19261169433594,,,184.9199981689453,,,186.99000549316406,,,184.27000427246094,,,186.72999572753906,,,101235600,
2023-06-20,,184.28225708007812,,,185.00999450683594,,,186.10000610351562,,,184.41000366210938,,,184.41000366210938,,,49799100,
2023-06-21,,183.2364044189453,,,183.9600067138672,,,185.41000366210938,,,182.58999633789062,,,184.89999389648438,,,49515700,
2023-06-22,,186.26441955566406,,,187.0,,,187.0500030517578,,,183.6699981689453,,,183.74000549316406,,,51245300,
2023-06-23,,185.9456787109375,,,186.67999267578125,,,187.55999755859375,,,185.00999450683594,,,185.5500030517578,,,53079300,
2023-06-26,,184.54124450683594,,,185.27000427246094,,,188.0500030517578,,,185.22999572753906,,,186.8300018310547,,,48088700,
2023-06-27,,187.32025146484375,,,188.05999755859375,,,188.38999938964844,,,185.6699981689453,,,185.88999938964844,,,50730800,
2023-06-28,,188.50558471679688,,,189.25,,,189.89999389648438,,,187.60000610351562,,,187.92999267578125,,,51216800,
2023-06-29,,188.84423828125,,,189.58999633789062,,,190.07000732421875,,,188.94000244140625,,,189.0800018310547,,,46347300,
2023-06-30,,193.20701599121094,,,193.97000122070312,,,194.47999572753906,,,191.25999450683594,,,191.6300048828125,,,85069600,
2023-07-03,,191.70297241210938,,,192.4600067138672,,,193.8800048828125,,,191.75999450683594,,,193.77999877929688,,,31458200,
2023-07-05,,190.57740783691406,,,191.3300018310547,,,192.97999572753906,,,190.6199951171875,,,191.57000732421875,,,46920300,
2023-07-06,,191.05551147460938,,,191.80999755859375,,,192.02000427246094,,,189.1999969482422,,,189.83999633789062,,,45094300,
2023-07-07,,189.92994689941406,,,190.67999267578125,,,192.6699981689453,,,190.24000549316406,,,191.41000366210938,,,46778000,
2023-07-10,,187.86810302734375,,,188.61000061035156,,,189.99000549316406,,,187.0399932861328,,,189.25999450683594,,,59922200,
2023-07-11,,187.34017944335938,,,188.0800018310547,,,189.3000030517578,,,186.60000610351562,,,189.16000366210938,,,46638100,
2023-07-12,,189.02354431152344,,,189.77000427246094,,,191.6999969482422,,,188.47000122070312,,,189.67999267578125,,,60750200,
2023-07-13,,189.79051208496094,,,190.5399932861328,,,191.19000244140625,,,189.77999877929688,,,190.5,,,41342300,
2023-07-14,,189.93992614746094,,,190.69000244140625,,,191.17999267578125,,,189.6300048828125,,,190.22999572753906,,,41573900,
2023-07-17,,193.2269287109375,,,193.99000549316406,,,194.32000732421875,,,191.80999755859375,,,191.89999389648438,,,50520200,
2023-07-18,,192.96795654296875,,,193.72999572753906,,,194.3300018310547,,,192.4199981689453,,,193.35000610351562,,,48353800,
2023-07-19,,194.33258056640625,,,195.10000610351562,,,198.22999572753906,,,192.64999389648438,,,193.10000610351562,,,80507300,
2023-07-20,,192.37033081054688,,,193.1300048828125,,,196.47000122070312,,,192.5,,,195.08999633789062,,,59581200,
2023-07-21,,191.1850128173828,,,191.94000244140625,,,194.97000122070312,,,191.22999572753906,,,194.10000610351562,,,71917800,
2023-07-24,,191.99180603027344,,,192.75,,,194.91000366210938,,,192.25,,,193.41000366210938,,,45377800,
2023-07-25,,192.85838317871094,,,193.6199951171875,,,194.44000244140625,,,192.9199981689453,,,193.3300018310547,,,37283200,
2023-07-26,,193.7349395751953,,,194.5,,,195.63999938964844,,,193.32000732421875,,,193.6699981689453,,,47471900,
2023-07-27,,192.4599609375,,,193.22000122070312,,,197.1999969482422,,,192.5500030517578,,,196.02000427246094,,,47460200,
2023-07-28,,195.05970764160156,,,195.8300018310547,,,196.6300048828125,,,194.13999938964844,,,194.6699981689453,,,48291400,
2023-07-31,,195.67726135253906,,,196.4499969482422,,,196.49000549316406,,,195.25999450683594,,,196.05999755859375,,,38824100,
2023-08-01,,194.84056091308594,,,195.61000061035156,,,196.72999572753906,,,195.27999877929688,,,196.24000549316406,,,35175100,
2023-08-02,,191.82249450683594,,,192.5800018310547,,,195.17999267578125,,,191.85000610351562,,,195.0399932861328,,,50389300,
2023-08-03,,190.41802978515625,,,191.1699981689453,,,192.3699951171875,,,190.69000244140625,,,191.57000732421875,,,61235200,
2023-08-04,,181.27415466308594,,,181.99000549316406,,,187.3800048828125,,,181.9199981689453,,,185.52000427246094,,,115799700,
2023-08-07,,178.146484375,,,178.85000610351562,,,183.1300048828125,,,177.35000610351562,,,182.1300048828125,,,97576100,
2023-08-08,,179.09274291992188,,,179.8000030517578,,,180.27000427246094,,,177.5800018310547,,,179.69000244140625,,,67823000,
2023-08-09,,177.4890899658203,,,178.19000244140625,,,180.92999267578125,,,177.00999450683594,,,180.8699951171875,,,60378500,
2023-08-10,,177.26995849609375,,,177.97000122070312,,,180.75,,,177.60000610351562,,,179.47999572753906,,,54686900,
2023-08-11,,177.32980346679688,,,177.7899932861328,,,178.6199951171875,,,176.5500030517578,,,177.32000732421875,,,51988100,
2023-08-14,,178.9954833984375,,,179.4600067138672,,,179.69000244140625,,,177.30999755859375,,,177.97000122070312,,,43675600,
2023-08-15,,176.9906768798828,,,177.4499969482422,,,179.47999572753906,,,177.0500030517578,,,178.8800048828125,,,43622600,
2023-08-16,,176.1129608154297,,,176.57000732421875,,,178.5399932861328,,,176.5,,,177.1300048828125,,,46964900,
2023-08-17,,173.54962158203125,,,174.0,,,177.50999450683594,,,173.47999572753906,,,177.13999938964844,,,66062900,
2023-08-18,,174.03834533691406,,,174.49000549316406,,,175.10000610351562,,,171.9600067138672,,,172.3000030517578,,,61114200,
2023-08-21,,175.3848419189453,,,175.83999633789062,,,176.1300048828125,,,173.74000549316406,,,175.07000732421875,,,46311900,
2023-08-22,,176.771240234375,,,177.22999572753906,,,177.67999267578125,,,176.25,,,177.05999755859375,,,42084200,
2023-08-23,,180.65118408203125,,,181.1199951171875,,,181.5500030517578,,,178.3300018310547,,,178.52000427246094,,,52722800,
2023-08-24,,175.92344665527344,,,176.3800048828125,,,181.10000610351562,,,176.00999450683594,,,180.6699981689453,,,54945800,
2023-08-25,,178.14767456054688,,,178.61000061035156,,,179.14999389648438,,,175.82000732421875,,,177.3800048828125,,,51449600,
2023-08-28,,179.7235870361328,,,180.19000244140625,,,180.58999633789062,,,178.5500030517578,,,180.08999633789062,,,43820700,
2023-08-29,,183.64341735839844,,,184.1199951171875,,,184.89999389648438,,,179.5,,,179.6999969482422,,,53003900,
2023-08-30,,187.16427612304688,,,187.64999389648438,,,187.85000610351562,,,184.74000549316406,,,184.94000244140625,,,60813900,
2023-08-31,,187.3837127685547,,,187.8699951171875,,,189.1199951171875,,,187.47999572753906,,,187.83999633789062,,,60794500,
2023-09-01,,188.9696044921875,,,189.4600067138672,,,189.9199981689453,,,188.27999877929688,,,189.49000549316406,,,45732600,
2023-09-05,,189.20896911621094,,,189.6999969482422,,,189.97999572753906,,,187.61000061035156,,,188.27999877929688,,,45280000,
2023-09-06,,182.43655395507812,,,182.91000366210938,,,188.85000610351562,,,181.47000122070312,,,188.39999389648438,,,81755800,
2023-09-07,,177.10040283203125,,,177.55999755859375,,,178.2100067138672,,,173.5399932861328,,,175.17999267578125,,,112488800,
2023-09-08,,177.71878051757812,,,178.17999267578125,,,180.24000549316406,,,177.7899932861328,,,178.35000610351562,,,65551300,
2023-09-11,,178.89573669433594,,,179.36000061035156,,,180.3000030517578,,,177.33999633789062,,,180.07000732421875,,,58953100,
2023-09-12,,175.84365844726562,,,176.3000030517578,,,180.1300048828125,,,174.82000732421875,,,179.49000549316406,,,90370200,
2023-09-13,,173.75906372070312,,,174.2100067138672,,,177.3000030517578,,,173.97999572753906,,,176.50999450683594,,,84267900,
2023-09-14,,175.28512573242188,,,175.74000549316406,,,176.10000610351562,,,173.5800018310547,,,174.0,,,60895800,
2023-09-15,,174.55697631835938,,,175.00999450683594,,,176.5,,,173.82000732421875,,,176.47999572753906,,,109205100,
2023-09-18,,177.50933837890625,,,177.97000122070312,,,179.3800048828125,,,176.1699981689453,,,176.47999572753906,,,67257600,
2023-09-19,,178.6064910888672,,,179.07000732421875,,,179.6300048828125,,,177.1300048828125,,,177.52000427246094,,,51826900,
2023-09-20,,175.03575134277344,,,175.49000549316406,,,179.6999969482422,,,175.39999389648438,,,179.25999450683594,,,58436200,
2023-09-21,,173.47979736328125,,,173.92999267578125,,,176.3000030517578,,,173.86000061035156,,,174.5500030517578,,,63047900,
2023-09-22,,174.33755493164062,,,174.7899932861328,,,177.0800018310547,,,174.0500030517578,,,174.6699981689453,,,56725400,
2023-09-25,,175.6242218017578,,,176.0800018310547,,,176.97000122070312,,,174.14999389648438,,,174.1999969482422,,,46172700,
2023-09-26,,171.514892578125,,,171.9600067138672,,,175.1999969482422,,,171.66000366210938,,,174.82000732421875,,,64588900,
2023-09-27,,169.98883056640625,,,170.42999267578125,,,173.0399932861328,,,169.0500030517578,,,172.6199951171875,,,66921800,
2023-09-28,,170.24818420410156,,,170.69000244140625,,,172.02999877929688,,,167.6199951171875,,,169.33999633789062,,,56294400,
2023-09-29,,170.76683044433594,,,171.2100067138672,,,173.07000732421875,,,170.33999633789062,,,172.02000427246094,,,51814200,
2023-10-02,,173.30026245117188,,,173.75,,,174.3000030517578,,,170.92999267578125,,,171.22000122070312,,,52164500,
2023-10-03,,171.95375061035156,,,172.39999389648438,,,173.6300048828125,,,170.82000732421875,,,172.25999450683594,,,49594600,
2023-10-04,,173.2104949951172,,,173.66000366210938,,,174.2100067138672,,,170.97000122070312,,,171.08999633789062,,,53020300,
2023-10-05,,174.45726013183594,,,174.91000366210938,,,175.4499969482422,,,172.67999267578125,,,173.7899932861328,,,48527900,
2023-10-06,,177.0305938720703,,,177.49000549316406,,,177.99000549316406,,,173.17999267578125,,,173.8000030517578,,,57224100,
2023-10-09,,178.52670288085938,,,178.99000549316406,,,179.0500030517578,,,175.8000030517578,,,176.80999755859375,,,42390800,
2023-10-10,,177.92825317382812,,,178.38999938964844,,,179.72000122070312,,,177.9499969482422,,,178.10000610351562,,,43698000,
2023-10-11,,179.3345947265625,,,179.8000030517578,,,179.85000610351562,,,177.60000610351562,,,178.1999969482422,,,47551100,
2023-10-12,,180.24224853515625,,,180.7100067138672,,,182.33999633789062,,,179.0399932861328,,,180.07000732421875,,,56743100,
2023-10-13,,178.38705444335938,,,178.85000610351562,,,181.92999267578125,,,178.13999938964844,,,181.4199981689453,,,51427100,
2023-10-16,,178.2574005126953,,,178.72000122070312,,,179.0800018310547,,,176.50999450683594,,,176.75,,,52517000,
2023-10-17,,176.6914520263672,,,177.14999389648438,,,178.4199981689453,,,174.8000030517578,,,176.64999389648438,,,57549400,
2023-10-18,,175.3848419189453,,,175.83999633789062,,,177.5800018310547,,,175.11000061035156,,,175.5800018310547,,,54764400,
2023-10-19,,175.00584411621094,,,175.4600067138672,,,177.83999633789062,,,175.19000244140625,,,176.0399932861328,,,59302900,
2023-10-20,,172.43251037597656,,,172.8800048828125,,,175.4199981689453,,,172.63999938964844,,,175.30999755859375,,,64189300,
2023-10-23,,172.5522003173828,,,173.0,,,174.00999450683594,,,169.92999267578125,,,170.91000366210938,,,55980100,
2023-10-24,,172.99105834960938,,,173.44000244140625,,,173.6699981689453,,,171.4499969482422,,,173.0500030517578,,,43816600,
2023-10-25,,170.65713500976562,,,171.10000610351562,,,173.05999755859375,,,170.64999389648438,,,171.8800048828125,,,57157000,
2023-10-26,,166.45802307128906,,,166.88999938964844,,,171.3800048828125,,,165.6699981689453,,,170.3699951171875,,,70625300,
2023-10-27,,167.78457641601562,,,168.22000122070312,,,168.9600067138672,,,166.8300018310547,,,166.91000366210938,,,58499100,
2023-10-30,,169.8491973876953,,,170.2899932861328,,,171.1699981689453,,,168.8699951171875,,,169.02000427246094,,,51131000,
2023-10-31,,170.32797241210938,,,170.77000427246094,,,170.89999389648438,,,167.89999389648438,,,169.35000610351562,,,44846000,
2023-11-01,,173.51968383789062,,,173.97000122070312,,,174.22999572753906,,,170.1199951171875,,,171.0,,,56934900,
2023-11-02,,177.11038208007812,,,177.57000732421875,,,177.77999877929688,,,175.4600067138672,,,175.52000427246094,,,77334800,
2023-11-03,,176.1927490234375,,,176.64999389648438,,,176.82000732421875,,,173.35000610351562,,,174.24000549316406,,,79763700,
2023-11-06,,178.7660675048828,,,179.22999572753906,,,179.42999267578125,,,176.2100067138672,,,176.3800048828125,,,63841300,
2023-11-07,,181.349365234375,,,181.82000732421875,,,182.44000244140625,,,178.97000122070312,,,179.17999267578125,,,70530000,
2023-11-08,,182.41659545898438,,,182.88999938964844,,,183.4499969482422,,,181.58999633789062,,,182.35000610351562,,,49340300,
2023-11-09,,181.93783569335938,,,182.41000366210938,,,184.1199951171875,,,181.80999755859375,,,182.9600067138672,,,53763500,
2023-11-10,,186.16244506835938,,,186.39999389648438,,,186.57000732421875,,,183.52999877929688,,,183.97000122070312,,,66133400,
2023-11-13,,184.5644989013672,,,184.8000030517578,,,186.02999877929688,,,184.2100067138672,,,185.82000732421875,,,43627500,
2023-11-14,,187.2011260986328,,,187.44000244140625,,,188.11000061035156,,,186.3000030517578,,,187.6999969482422,,,60108400,
2023-11-15,,187.7703857421875,,,188.00999450683594,,,189.5,,,187.77999877929688,,,187.85000610351562,,,53790500,
2023-11-16,,189.46824645996094,,,189.7100067138672,,,190.9600067138672,,,188.64999389648438,,,189.57000732421875,,,54412900,
2023-11-17,,189.44825744628906,,,189.69000244140625,,,190.3800048828125,,,188.57000732421875,,,190.25,,,50922700,
2023-11-20,,191.2060089111328,,,191.4499969482422,,,191.91000366210938,,,189.8800048828125,,,189.88999938964844,,,46505100,
2023-11-21,,190.3970489501953,,,190.63999938964844,,,191.52000427246094,,,189.74000549316406,,,191.41000366210938,,,38134500,
2023-11-22,,191.06619262695312,,,191.30999755859375,,,192.92999267578125,,,190.8300018310547,,,191.49000549316406,,,39617700,
2023-11-24,,189.7279052734375,,,189.97000122070312,,,190.89999389648438,,,189.25,,,190.8699951171875,,,24048300,
2023-11-27,,189.54812622070312,,,189.7899932861328,,,190.6699981689453,,,188.89999389648438,,,189.9199981689453,,,40552600,
2023-11-28,,190.1573486328125,,,190.39999389648438,,,191.0800018310547,,,189.39999389648438,,,189.77999877929688,,,38415400,
2023-11-29,,189.128662109375,,,189.3699951171875,,,192.08999633789062,,,188.97000122070312,,,190.89999389648438,,,43014200,
2023-11-30,,189.70791625976562,,,189.9499969482422,,,190.32000732421875,,,188.19000244140625,,,189.83999633789062,,,48794400,
2023-12-01,,190.9962921142578,,,191.24000549316406,,,191.55999755859375,,,189.22999572753906,,,190.3300018310547,,,45679300,
2023-12-04,,189.18858337402344,,,189.42999267578125,,,190.0500030517578,,,187.4499969482422,,,189.97999572753906,,,43389500,
2023-12-05,,193.1735076904297,,,193.4199981689453,,,194.39999389648438,,,190.17999267578125,,,190.2100067138672,,,66628400,
2023-12-06,,192.07492065429688,,,192.32000732421875,,,194.75999450683594,,,192.11000061035156,,,194.4499969482422,,,41089700,
2023-12-07,,194.02243041992188,,,194.27000427246094,,,195.0,,,193.58999633789062,,,193.6300048828125,,,47477700,
2023-12-08,,195.46058654785156,,,195.7100067138672,,,195.99000549316406,,,193.6699981689453,,,194.1999969482422,,,53377300,
2023-12-11,,192.93380737304688,,,193.17999267578125,,,193.49000549316406,,,191.4199981689453,,,193.11000061035156,,,60943700,
2023-12-12,,194.4618682861328,,,194.7100067138672,,,194.72000122070312,,,191.72000122070312,,,193.0800018310547,,,52696900,
2023-12-13,,197.7077178955078,,,197.9600067138672,,,198.0,,,194.85000610351562,,,195.08999633789062,,,70404200,
2023-12-14,,197.85752868652344,,,198.11000061035156,,,199.6199951171875,,,196.16000366210938,,,198.02000427246094,,,66831600,
2023-12-15,,197.31822204589844,,,197.57000732421875,,,198.39999389648438,,,197.0,,,197.52999877929688,,,128256700,
2023-12-18,,195.64035034179688,,,195.88999938964844,,,196.6300048828125,,,194.38999938964844,,,196.08999633789062,,,55751900,
2023-12-19,,196.68902587890625,,,196.94000244140625,,,196.9499969482422,,,195.88999938964844,,,196.16000366210938,,,40714100,
2023-12-20,,194.5817108154297,,,194.8300018310547,,,197.67999267578125,,,194.8300018310547,,,196.89999389648438,,,52242800,
2023-12-21,,194.431884765625,,,194.67999267578125,,,197.0800018310547,,,193.5,,,196.10000610351562,,,46482500,
2023-12-22,,193.35328674316406,,,193.60000610351562,,,195.41000366210938,,,192.97000122070312,,,195.17999267578125,,,37122800,
2023-12-26,,192.80398559570312,,,193.0500030517578,,,193.88999938964844,,,192.8300018310547,,,193.61000061035156,,,28919300,
2023-12-27,,192.90383911132812,,,193.14999389648438,,,193.5,,,191.08999633789062,,,192.49000549316406,,,48087700,
2023-12-28,,193.3332977294922,,,193.5800018310547,,,194.66000366210938,,,193.1699981689453,,,194.13999938964844,,,34049900,
2023-12-29,,192.28463745117188,,,192.52999877929688,,,194.39999389648438,,,191.72999572753906,,,193.89999389648438,,,42628800,
2024-01-02,,185.40341186523438,,,185.63999938964844,,,188.44000244140625,,,183.88999938964844,,,187.14999389648438,,,82488700,
2024-01-03,,184.01519775390625,,,184.25,,,185.8800048828125,,,183.42999267578125,,,184.22000122070312,,,58414500,
2024-01-04,,181.6781768798828,,,181.91000366210938,,,183.08999633789062,,,180.8800048828125,,,182.14999389648438,,,71983600,
2024-01-05,,180.9490966796875,,,181.17999267578125,,,182.75999450683594,,,180.1699981689453,,,181.99000549316406,,,62303300,
2024-01-08,,185.32351684570312,,,185.55999755859375,,,185.60000610351562,,,181.5,,,182.08999633789062,,,59144500,
2024-01-09,,184.904052734375,,,185.13999938964844,,,185.14999389648438,,,182.72999572753906,,,183.9199981689453,,,42841800,
2024-01-10,,185.9527130126953,,,186.19000244140625,,,186.39999389648438,,,183.9199981689453,,,184.35000610351562,,,46792900,
2024-01-11,,185.35348510742188,,,185.58999633789062,,,187.0500030517578,,,183.6199951171875,,,186.5399932861328,,,49128400,
2024-01-12,,185.6830596923828,,,185.9199981689453,,,186.74000549316406,,,185.19000244140625,,,186.05999755859375,,,40444700,
2024-01-16,,183.39598083496094,,,183.6300048828125,,,184.25999450683594,,,180.92999267578125,,,182.16000366210938,,,65603000,
2024-01-17,,182.4471893310547,,,182.67999267578125,,,182.92999267578125,,,180.3000030517578,,,181.27000427246094,,,47317400,
2024-01-18,,188.38961791992188,,,188.6300048828125,,,189.13999938964844,,,185.8300018310547,,,186.08999633789062,,,78005800,
2024-01-19,,191.3158721923828,,,191.55999755859375,,,191.9499969482422,,,188.82000732421875,,,189.3300018310547,,,68741000,
2024-01-22,,193.6428985595703,,,193.88999938964844,,,195.3300018310547,,,192.25999450683594,,,192.3000030517578,,,60133900,
2024-01-23,,194.93125915527344,,,195.17999267578125,,,195.75,,,193.8300018310547,,,195.02000427246094,,,42355600,
2024-01-24,,194.2521209716797,,,194.5,,,196.3800048828125,,,194.33999633789062,,,195.4199981689453,,,53631300,
2024-01-25,,193.92254638671875,,,194.1699981689453,,,196.27000427246094,,,193.11000061035156,,,195.22000122070312,,,54822100,
2024-01-26,,192.17477416992188,,,192.4199981689453,,,194.75999450683594,,,191.94000244140625,,,194.27000427246094,,,44594000,
2024-01-29,,191.48565673828125,,,191.72999572753906,,,192.1999969482422,,,189.5800018310547,,,192.00999450683594,,,47145600,
2024-01-30,,187.80035400390625,,,188.0399932861328,,,191.8000030517578,,,187.47000122070312,,,190.94000244140625,,,55859400,
2024-01-31,,184.1649932861328,,,184.39999389648438,,,187.10000610351562,,,184.35000610351562,,,187.0399932861328,,,55467800,
2024-02-01,,186.6218719482422,,,186.86000061035156,,,186.9499969482422,,,183.82000732421875,,,183.99000549316406,,,64885400,
2024-02-02,,185.6131591796875,,,185.85000610351562,,,187.3300018310547,,,179.25,,,179.86000061035156,,,102518000,
2024-02-05,,187.44081115722656,,,187.67999267578125,,,189.25,,,185.83999633789062,,,188.14999389648438,,,69668800,
2024-02-06,,189.0587615966797,,,189.3000030517578,,,189.30999755859375,,,186.77000427246094,,,186.86000061035156,,,43490800,
2024-02-07,,189.1686248779297,,,189.41000366210938,,,191.0500030517578,,,188.61000061035156,,,190.63999938964844,,,53439000,
2024-02-08,,188.08001708984375,,,188.32000732421875,,,189.5399932861328,,,187.35000610351562,,,189.38999938964844,,,40962000,
2024-02-09,,188.85000610351562,,,188.85000610351562,,,189.99000549316406,,,188.0,,,188.64999389648438,,,45155200,
2024-02-12,,187.14999389648438,,,187.14999389648438,,,188.6699981689453,,,186.7899932861328,,,188.4199981689453,,,41781900,
2024-02-13,,185.0399932861328,,,185.0399932861328,,,186.2100067138672,,,183.50999450683594,,,185.77000427246094,,,56529500,
2024-02-14,,184.14999389648438,,,184.14999389648438,,,185.52999877929688,,,182.44000244140625,,,185.32000732421875,,,54630500,
2024-02-15,,183.86000061035156,,,183.86000061035156,,,184.49000549316406,,,181.35000610351562,,,183.5500030517578,,,65434500,
2024-02-16,,182.30999755859375,,,182.30999755859375,,,184.85000610351562,,,181.6699981689453,,,183.4199981689453,,,49701400,
2024-02-20,,181.55999755859375,,,181.55999755859375,,,182.42999267578125,,,180.0,,,181.7899932861328,,,53665600,
2024-02-21,,182.32000732421875,,,182.32000732421875,,,182.88999938964844,,,180.66000366210938,,,181.94000244140625,,,41529700,
2024-02-22,,184.3699951171875,,,184.3699951171875,,,184.9600067138672,,,182.4600067138672,,,183.47999572753906,,,52292200,
2024-02-23,,182.52000427246094,,,182.52000427246094,,,185.0399932861328,,,182.22999572753906,,,185.00999450683594,,,45119700,
2024-02-26,,181.16000366210938,,,181.16000366210938,,,182.75999450683594,,,180.64999389648438,,,182.24000549316406,,,40867400,
2024-02-27,,182.6300048828125,,,182.6300048828125,,,183.9199981689453,,,179.55999755859375,,,181.10000610351562,,,54318900,
2024-02-28,,181.4199981689453,,,181.4199981689453,,,183.1199951171875,,,180.1300048828125,,,182.50999450683594,,,48953900,
2024-02-29,,180.75,,,180.75,,,182.57000732421875,,,179.52999877929688,,,181.27000427246094,,,136682600,
2024-03-01,,179.66000366210938,,,179.66000366210938,,,180.52999877929688,,,177.3800048828125,,,179.5500030517578,,,73488000,
2024-03-04,,175.10000610351562,,,175.10000610351562,,,176.89999389648438,,,173.7899932861328,,,176.14999389648438,,,81510100,
2024-03-05,,170.1199951171875,,,170.1199951171875,,,172.0399932861328,,,169.6199951171875,,,170.75999450683594,,,95132400,
2024-03-06,,169.1199951171875,,,169.1199951171875,,,171.24000549316406,,,168.67999267578125,,,171.05999755859375,,,68587700,
2024-03-07,,169.0,,,169.0,,,170.72999572753906,,,168.49000549316406,,,169.14999389648438,,,71765100,
2024-03-08,,170.72999572753906,,,170.72999572753906,,,173.6999969482422,,,168.94000244140625,,,169.0,,,76114600,
2024-03-11,,172.75,,,172.75,,,174.3800048828125,,,172.0500030517578,,,172.94000244140625,,,60139500,
2024-03-12,,173.22999572753906,,,173.22999572753906,,,174.02999877929688,,,171.00999450683594,,,173.14999389648438,,,59825400,
2024-03-13,,171.1300048828125,,,171.1300048828125,,,173.19000244140625,,,170.75999450683594,,,172.77000427246094,,,52488700,
2024-03-14,,173.0,,,173.0,,,174.30999755859375,,,172.0500030517578,,,172.91000366210938,,,72913500,
2024-03-15,,172.6199951171875,,,172.6199951171875,,,172.6199951171875,,,170.2899932861328,,,171.1699981689453,,,121664700,
2024-03-18,,173.72000122070312,,,173.72000122070312,,,177.7100067138672,,,173.52000427246094,,,175.57000732421875,,,75604200,
2024-03-19,,176.0800018310547,,,176.0800018310547,,,176.61000061035156,,,173.02999877929688,,,174.33999633789062,,,55215200,
2024-03-20,,178.6699981689453,,,178.6699981689453,,,178.6699981689453,,,175.08999633789062,,,175.72000122070312,,,53423100,
2024-03-21,,171.3699951171875,,,171.3699951171875,,,177.49000549316406,,,170.83999633789062,,,177.0500030517578,,,106181300,
2024-03-22,,172.27999877929688,,,172.27999877929688,,,173.0500030517578,,,170.05999755859375,,,171.75999450683594,,,71106600,
2024-03-25,,170.85000610351562,,,170.85000610351562,,,171.94000244140625,,,169.4499969482422,,,170.57000732421875,,,54288300,
2024-03-26,,169.7100067138672,,,169.7100067138672,,,171.4199981689453,,,169.5800018310547,,,170.0,,,57388400,
2024-03-27,,173.30999755859375,,,173.30999755859375,,,173.60000610351562,,,170.11000061035156,,,170.41000366210938,,,60191400,
